open,high,low,close
33.595001,34.035,33.535,34.005001
34.115002,34.865002,34.105,34.775002
34.985001,35.130001,34.599998,34.695
34.294998,34.605,34.259998,34.43
34.075001,34.294998,33.639999,33.685001
33.52,34.040001,33.485001,33.584999
33.445,33.735001,33.185001,33.564999
33.439999,33.889999,33.25,33.485001
33.125,33.375,32.669998,33.325001
33.450001,33.509998,33.25,33.445
33.924999,34.0,33.705002,33.735001
33.66,34.205002,33.560001,34.134998
34.285,34.285,33.915001,33.945
34.299999,34.514999,34.169998,34.505001
33.174999,33.775002,33.145,33.389999
32.935001,32.965,32.055,32.32
32.924999,33.224998,32.735001,33.220001
33.424999,34.049999,33.424999,33.849998
33.705002,34.139999,33.634998,34.119999
34.080002,34.424999,34.055,34.299999
33.84,33.959999,33.275002,33.610001
33.415001,33.779999,33.185001,33.755001
33.955002,34.169998,33.174999,33.41
33.709999,33.974998,33.525002,33.855
34.035,34.195,33.889999,33.919998
34.43,34.91,34.360001,34.759998
34.66,34.849998,34.139999,34.459999
34.73,34.814999,34.535,34.634998
34.759998,34.84,34.485001,34.615002
34.514999,34.654999,34.294998,34.639999
34.555,34.610001,34.314999,34.445
34.305,34.564999,34.02,34.395
34.299999,34.615002,33.970001,34.055
34.130001,34.215,33.939999,34.16
33.935001,34.009998,33.355,33.48
33.285,33.705002,33.264999,33.674999
33.720001,33.965,33.200001,33.345001
33.305,33.509998,33.115002,33.349998
32.875,33.73,32.845001,33.689999
33.395,33.419998,32.465,32.580002
32.810001,33.035,32.285,32.875
32.880001,33.525002,32.75,33.509998
33.384998,33.689999,33.27,33.459999
33.48,33.810001,33.419998,33.764999
34.0,34.445,33.990002,34.215
34.310001,34.365002,33.900002,34.035
34.105,34.18,33.595001,33.665001
33.810001,34.305,33.735001,34.16
34.25,34.455002,34.16,34.349998
34.544998,34.695,34.445,34.625
34.564999,34.790001,34.355,34.68
34.509998,34.805,34.474998,34.785
34.904999,35.5,34.869999,35.5
35.384998,35.384998,35.075001,35.205002
34.900002,34.965,34.639999,34.799999
34.799999,35.134998,34.799999,35.044998
34.849998,35.080002,34.814999,34.904999
34.849998,34.955002,34.695,34.810001
34.869999,35.139999,34.525002,34.689999
34.59,34.955002,34.549999,34.924999
35.005001,35.139999,34.674999,34.805
34.610001,34.66,34.064999,34.255001
34.110001,34.235001,33.884998,34.154999
34.490002,34.625,34.325001,34.540001
34.630001,35.09,34.599998,35.060001
35.220001,35.334999,35.064999,35.259998
35.485001,35.970001,35.314999,35.919998
35.584999,35.695,34.849998,34.849998
34.605,35.375,34.540001,35.195
34.810001,34.825001,34.09,34.189999
34.150002,34.560001,33.700001,33.785
33.919998,34.455002,33.865002,34.205002
33.505001,33.849998,33.505001,33.724998
34.0,34.095001,33.700001,33.705002
33.665001,33.895,33.435001,33.459999
33.75,34.25,33.709999,34.235001
34.605,34.73,34.244999,34.275002
34.110001,34.419998,33.625,33.82
33.935001,34.115002,33.605,33.669998
33.334999,33.535,33.07,33.445
33.639999,34.939999,33.355,34.889999
34.865002,35.224998,34.514999,34.830002
35.075001,35.490002,34.849998,35.305
35.365002,35.419998,34.985001,35.279999
35.310001,35.395,34.779999,34.919998
35.275002,35.619999,35.240002,35.455002
35.560001,35.674999,35.189999,35.509998
35.514999,35.665001,35.200001,35.305
35.305,35.990002,35.305,35.860001
35.735001,35.794998,35.255001,35.450001
35.299999,35.424999,35.0,35.299999
35.080002,35.285,34.645,35.105
35.285,35.400002,34.875,34.900002
34.91,35.02,34.540001,34.73
35.075001,35.150002,34.715,34.869999
35.139999,35.634998,35.105,35.365002
35.154999,35.470001,34.959999,35.325001
35.095001,35.154999,34.889999,35.095001
35.095001,35.215,34.605,34.990002
34.98,35.355,34.77,34.830002
34.52,35.055,34.459999,34.91
35.060001,35.110001,34.77,34.779999
34.720001,35.215,34.465,34.685001
34.560001,34.744999,34.25,34.310001
34.564999,34.685001,33.939999,34.314999
33.990002,34.110001,33.5,33.935001
33.935001,34.130001,33.75,34.07
33.900002,34.23,33.68,33.884998
34.27,34.634998,34.27,34.615002
34.445,34.855,34.395,34.66
34.779999,35.485001,34.375,35.224998
35.200001,35.639999,35.080002,35.375
35.165001,35.235001,34.445,34.73
34.605,34.959999,34.415001,34.924999
35.23,35.93,35.200001,35.91
35.830002,36.07,35.549999,35.66
35.959999,36.195,35.330002,35.419998
35.544998,35.764999,35.365002,35.564999
36.064999,36.450001,36.064999,36.41
36.419998,36.599998,35.950001,36.389999
36.215,36.654999,36.174999,36.540001
36.384998,36.465,36.18,36.360001
36.535,36.544998,35.790001,35.855
35.310001,35.630001,35.035,35.415001
36.645,37.560001,36.645,37.215
37.904999,38.029999,37.275002,37.305
37.285,37.59,37.18,37.415001
37.755001,38.049999,37.595001,37.744999
37.514999,37.825001,37.290001,37.674999
37.59,38.029999,37.59,37.974998
38.075001,38.23,37.779999,38.18
38.380001,38.380001,38.080002,38.299999
39.150002,39.224998,38.32,38.48
38.77,39.195,38.415001,38.915001
38.73,38.884998,38.029999,38.134998
37.974998,38.360001,37.759998,38.220001
38.290001,38.290001,38.060001,38.255001
38.215,38.285,38.005001,38.080002
38.275002,38.325001,37.889999,37.994999
38.075001,38.23,37.865002,38.055
38.080002,38.310001,38.005001,38.209999
38.150002,38.255001,38.09,38.174999
38.235001,38.389999,38.200001,38.259998
38.345001,38.360001,37.814999,37.845001
37.790001,37.900002,37.634998,37.77
37.735001,37.945,37.540001,37.66
38.055,38.404999,37.68,38.084999
38.115002,38.185001,37.880001,38.005001
38.029999,38.169998,37.73,37.91
38.029999,38.075001,37.695,37.945
37.695,37.73,37.34,37.395
37.365002,37.450001,37.025002,37.055
37.185001,37.525002,37.029999,37.455002
37.665001,37.705002,37.150002,37.299999
37.25,37.330002,37.095001,37.189999
37.305,37.509998,37.275002,37.419998
37.215,37.435001,37.169998,37.334999
37.334999,37.349998,37.040001,37.130001
37.369999,37.494999,37.145,37.27
37.099998,37.174999,36.695,36.875
37.02,37.439999,36.950001,37.279999
37.290001,37.59,37.279999,37.474998
37.595001,37.654999,37.424999,37.505001
37.275002,37.314999,37.005001,37.115002
36.945,36.965,36.18,36.435001
36.455002,36.509998,36.064999,36.450001
36.645,36.695,35.955002,36.18
36.240002,36.450001,35.950001,36.384998
36.529999,36.889999,36.314999,36.700001
36.700001,36.825001,36.285,36.389999
36.23,36.400002,35.685001,35.875
35.875,36.040001,35.325001,35.959999
36.174999,36.474998,36.174999,36.365002
36.654999,36.845001,36.529999,36.639999
36.564999,36.724998,36.494999,36.709999
36.814999,36.845001,36.369999,36.830002
36.720001,36.880001,36.564999,36.685001
36.720001,36.77,36.130001,36.185001
36.0,36.105,35.869999,35.985001
36.325001,36.424999,36.174999,36.23
36.060001,36.099998,35.654999,35.68
36.080002,36.139999,35.605,35.830002
35.57,35.705002,35.314999,35.494999
35.529999,35.955002,35.470001,35.799999
35.695,35.860001,35.59,35.689999
36.02,36.57,35.994999,36.404999
36.224998,36.404999,36.044998,36.060001
36.119999,36.255001,35.915001,35.994999
35.935001,36.125,35.794998,36.075001
36.205002,36.215,35.709999,35.755001
35.610001,35.82,34.810001,34.825001
34.650002,35.075001,34.445,35.055
35.279999,35.325001,34.799999,35.005001
34.970001,35.18,34.889999,35.009998
34.740002,34.744999,34.310001,34.615002
34.91,35.465,34.740002,35.384998
35.459999,35.459999,35.035,35.134998
35.07,35.145,34.900002,34.900002
34.785,34.924999,34.575001,34.849998
35.014999,35.040001,34.474998,34.605
34.5,34.715,34.360001,34.555
34.455002,34.709999,34.380001,34.415001
34.465,34.540001,34.215,34.279999
33.955002,34.215,33.93,34.119999
34.169998,34.689999,34.09,34.605
34.599998,35.139999,34.505001,35.080002
35.299999,35.384998,34.98,35.07
34.955002,35.169998,34.790001,34.950001
35.005001,35.029999,34.540001,34.889999
34.965,35.174999,34.630001,35.145
35.439999,35.744999,34.985001,35.035
35.174999,35.415001,35.080002,35.314999
35.334999,35.43,35.125,35.18
35.375,35.605,35.299999,35.445
35.5,35.514999,35.07,35.450001
35.485001,35.709999,35.189999,35.299999
35.27,35.294998,34.575001,34.654999
34.645,34.764999,34.560001,34.73
34.575001,34.805,34.334999,34.404999
34.490002,34.555,33.810001,33.900002
34.0,34.314999,33.965,34.064999
33.919998,34.064999,33.724998,33.895
34.145,34.235001,33.990002,34.095001
34.18,34.465,34.075001,34.384998
34.224998,34.735001,34.209999,34.27
34.005001,34.040001,33.555,33.895
34.185001,34.244999,33.869999,33.919998
33.91,34.005001,33.75,33.825001
33.895,34.005001,33.514999,33.654999
33.580002,33.91,33.485001,33.75
33.514999,33.555,32.915001,33.130001
33.150002,33.709999,33.134998,33.654999
33.650002,33.955002,33.619999,33.895
33.965,33.965,33.514999,33.615002
33.810001,34.220001,33.779999,34.060001
34.18,34.240002,33.939999,33.990002
33.965,34.029999,33.775002,33.875
34.380001,34.435001,34.029999,34.139999
34.299999,34.299999,33.849998,33.970001
33.77,34.060001,33.619999,33.634998
33.485001,33.790001,33.360001,33.625
33.790001,34.110001,33.709999,34.040001
34.220001,34.240002,33.845001,33.965
34.055,34.09,33.865002,34.044998
34.005001,34.110001,33.709999,33.865002
33.779999,34.115002,33.130001,33.25
33.25,33.334999,33.09,33.305
33.130001,33.130001,32.845001,32.860001
32.599998,32.82,32.549999,32.720001
32.735001,33.044998,32.630001,32.924999
32.775002,32.785,32.404999,32.544998
32.445,32.724998,32.435001,32.605
32.584999,33.044998,32.509998,32.990002
32.855,33.014999,32.299999,32.525002
32.369999,32.669998,32.360001,32.43
32.505001,33.32,32.5,33.209999
33.505001,33.775002,33.375,33.445
33.544998,33.740002,33.384998,33.695
33.605,33.605,32.830002,33.084999
32.935001,33.099998,32.689999,32.834999
32.805,33.165001,32.595001,33.150002
33.075001,33.145,32.855,32.939999
32.560001,32.610001,32.154999,32.52
32.419998,32.610001,31.82,31.995001
32.009998,32.25,31.844999,31.975
31.98,32.224998,31.889999,32.189999
32.290001,32.349998,31.99,32.119999
32.235001,32.380001,32.064999,32.07
32.110001,32.439999,32.09,32.244999
32.34,32.669998,32.244999,32.314999
32.549999,32.610001,32.25,32.459999
32.575001,33.240002,32.540001,33.084999
32.919998,32.950001,32.290001,32.415001
32.470001,32.564999,31.985001,32.055
31.950001,32.049999,31.645,32.005001
31.959999,32.185001,31.889999,32.110001
32.165001,32.400002,31.965,32.285
32.605,32.685001,32.235001,32.375
32.400002,32.529999,32.220001,32.505001
32.525002,32.759998,32.494999,32.700001
32.639999,32.884998,32.610001,32.66
32.825001,32.834999,32.369999,32.505001
32.470001,33.009998,32.445,32.98
33.165001,33.285,32.790001,32.880001
32.77,32.924999,32.509998,32.555
32.625,32.674999,32.419998,32.494999
32.884998,33.139999,32.810001,32.904999
33.09,33.32,32.849998,32.939999
32.950001,33.290001,32.799999,33.275002
33.165001,33.564999,33.110001,33.235001
33.244999,33.5,33.154999,33.310001
33.330002,33.494999,33.16,33.305
33.134998,33.314999,32.84,33.18
33.125,33.18,32.57,32.715
32.73,32.91,32.654999,32.82
32.68,32.740002,32.470001,32.57
32.474998,32.779999,32.400002,32.494999
32.544998,32.73,32.404999,32.525002
32.580002,32.634998,32.125,32.18
32.080002,32.259998,31.940001,31.969999
32.029999,32.169998,31.834999,31.875
31.924999,31.924999,31.57,31.754999
31.764999,31.855,31.385,31.450001
31.325001,31.445,30.995001,31.004999
30.924999,31.370001,30.905001,31.16
31.115,31.129999,30.9,31.0
31.084999,31.275,31.065001,31.205
31.139999,31.5,31.110001,31.34
31.23,31.434999,31.219999,31.360001
31.42,31.625,31.41,31.5
31.514999,31.620001,31.190001,31.360001
31.209999,31.360001,31.09,31.32
31.200001,31.43,31.110001,31.334999
31.469999,31.565001,31.365,31.485001
31.535,31.895,31.455,31.790001
31.92,32.119999,31.74,31.965
32.125,32.575001,32.110001,32.485001
32.5,32.625,32.330002,32.544998
32.474998,32.494999,32.049999,32.200001
32.325001,32.549999,32.25,32.505001
32.599998,32.775002,32.514999,32.705002
32.775002,33.134998,32.740002,33.115002
33.18,33.5,33.174999,33.275002
32.91,32.919998,32.700001,32.919998
32.845001,33.080002,32.82,33.060001
33.130001,33.244999,33.064999,33.195
33.290001,33.509998,33.259998,33.419998
33.375,33.514999,33.279999,33.43
33.400002,33.695,33.365002,33.599998
33.755001,34.185001,33.720001,34.084999
34.0,34.134998,33.904999,34.07
34.099998,34.224998,33.91,34.215
34.290001,34.450001,34.150002,34.244999
34.125,34.244999,34.014999,34.240002
33.875,34.240002,33.744999,34.23
34.185001,34.310001,34.119999,34.195
34.195,34.294998,34.049999,34.169998
34.195,34.380001,34.174999,34.325001
34.0,34.189999,33.919998,34.035
34.075001,34.209999,34.035,34.105
34.345001,34.465,34.099998,34.134998
34.095001,34.235001,33.955002,34.215
33.955002,34.134998,33.900002,34.09
34.290001,34.389999,34.049999,34.07
34.174999,34.345001,34.075001,34.145
34.134998,34.235001,33.98,34.165001
34.139999,34.279999,33.884998,33.924999
33.689999,33.959999,33.674999,33.82
33.895,33.904999,33.66,33.884998
33.91,34.02,33.68,33.709999
33.830002,33.924999,33.705002,33.775002
33.715,33.814999,33.435001,33.540001
33.555,33.720001,33.41,33.610001
33.435001,33.849998,33.169998,33.669998
33.435001,33.939999,33.435001,33.845001
33.860001,34.080002,33.709999,33.955002
34.16,34.5,34.145,34.34
34.34,34.435001,34.035,34.240002
34.224998,34.474998,34.189999,34.34
34.494999,35.169998,34.435001,35.125
35.185001,35.235001,34.895,35.080002
34.994999,35.084999,34.715,34.91
34.775002,35.075001,34.724998,35.014999
34.955002,34.985001,34.564999,34.830002
34.735001,34.865002,34.59,34.630001
34.5,34.5,34.029999,34.07
33.764999,33.834999,33.544998,33.685001
33.580002,33.700001,33.455002,33.549999
33.615002,33.785,33.529999,33.715
33.674999,33.705002,33.485001,33.634998
33.764999,33.900002,33.639999,33.709999
33.91,33.98,33.825001,33.845001
33.98,34.049999,33.935001,33.939999
33.794998,33.834999,33.525002,33.595001
33.630001,33.904999,33.59,33.855
33.84,34.105,33.77,34.040001
34.119999,34.615002,34.119999,34.549999
34.794998,35.080002,34.470001,34.84
35.134998,35.375,34.715,34.825001
34.825001,34.950001,34.634998,34.674999
34.575001,34.634998,34.174999,34.224998
34.189999,34.384998,34.16,34.325001
34.5,34.654999,33.345001,34.639999
34.705002,35.07,34.685001,34.889999
34.794998,35.064999,34.75,34.794998
34.794998,34.875,34.645,34.744999
34.615002,34.865002,34.605,34.619999
34.634998,34.634998,34.314999,34.360001
34.445,34.799999,34.435001,34.625
34.785,34.875,34.595001,34.674999
34.790001,35.224998,34.685001,35.165001
35.18,36.014999,35.145,35.91
35.950001,36.130001,35.799999,35.985001
36.115002,36.360001,36.040001,36.299999
36.305,36.32,36.105,36.18
36.174999,36.235001,36.110001,36.235001
36.330002,36.349998,36.07,36.130001
36.310001,36.764999,36.195,36.724998
36.799999,37.369999,36.759998,37.275002
37.25,37.525002,37.115002,37.5
37.450001,37.514999,37.174999,37.485001
37.470001,37.73,37.369999,37.709999
37.785,37.794998,37.555,37.615002
37.724998,37.75,37.540001,37.57
37.700001,38.474998,37.564999,38.34
38.349998,38.810001,38.349998,38.709999
38.799999,38.825001,38.150002,38.220001
38.330002,38.720001,38.080002,38.555
38.41,38.505001,38.169998,38.240002
38.154999,38.205002,37.939999,38.189999
38.240002,39.029999,38.23,39.014999
39.09,39.130001,38.759998,38.955002
39.0,39.195,38.715,38.849998
39.044998,39.044998,38.474998,38.544998
38.630001,38.82,38.549999,38.755001
38.599998,38.735001,38.110001,38.169998
37.849998,37.955002,37.369999,37.400002
37.5,37.564999,37.165001,37.424999
37.474998,37.834999,37.264999,37.810001
37.115002,37.205002,36.029999,36.23
35.744999,36.200001,34.139999,34.709999
34.115002,35.235001,33.950001,34.985001
35.095001,35.535,34.395,34.400002
34.435001,34.575001,33.345001,33.360001
33.755001,33.790001,32.224998,33.334999
33.764999,34.255001,33.605,33.880001
33.705002,33.884998,33.505001,33.740002
33.41,34.330002,33.330002,34.23
34.299999,34.325001,33.595001,34.145
34.0,34.380001,33.855,34.060001
34.130001,34.380001,33.720001,33.875
33.775002,34.09,33.305,33.305
33.544998,34.165001,33.459999,33.669998
33.834999,34.424999,33.775002,34.400002
34.575001,34.674999,34.404999,34.605
34.674999,34.950001,34.150002,34.154999
34.334999,34.459999,33.355,33.369999
33.334999,33.845001,33.080002,33.32
33.09,33.595001,32.825001,33.474998
33.32,33.935001,33.259998,33.830002
34.040001,34.165001,33.68,33.849998
33.485001,33.84,33.279999,33.595001
33.669998,33.77,33.345001,33.584999
33.845001,34.255001,33.814999,34.224998
34.244999,34.465,34.044998,34.215
34.32,34.474998,33.830002,33.970001
34.099998,34.195,33.700001,33.77
33.895,34.040001,33.34,33.595001
33.375,33.805,33.310001,33.654999
33.549999,33.595001,32.945,33.134998
33.314999,33.639999,33.27,33.415001
33.615002,34.509998,33.509998,34.290001
33.91,34.09,33.525002,33.59
33.759998,34.150002,33.310001,33.384998
33.77,34.035,33.380001,33.985001
34.130001,34.27,33.470001,33.665001
33.685001,33.799999,32.955002,33.009998
33.154999,33.84,33.150002,33.705002
33.575001,33.634998,32.465,33.029999
33.154999,33.764999,32.84,33.735001
33.220001,33.764999,32.990002,33.689999
33.775002,34.509998,33.775002,34.294998
34.080002,34.244999,33.23,33.674999
33.834999,34.264999,33.700001,33.834999
34.369999,35.23,34.360001,34.955002
34.900002,35.400002,34.855,35.32
35.439999,35.595001,35.189999,35.314999
35.505001,35.849998,35.455002,35.705002
35.785,36.235001,35.595001,36.07
36.165001,36.375,35.959999,36.209999
36.525002,37.110001,36.514999,36.779999
36.810001,37.099998,36.599998,36.825001
36.75,36.779999,36.415001,36.650002
36.535,36.880001,36.334999,36.875
36.974998,37.23,36.279999,36.48
36.365002,36.82,36.134998,36.77
36.904999,37.334999,36.790001,37.305
36.924999,37.095001,36.764999,36.91
36.849998,37.32,36.84,36.904999
36.720001,36.744999,36.215,36.68
36.57,37.119999,36.52,36.830002
36.66,36.805,36.25,36.744999
36.645,37.055,36.494999,36.924999
37.215,37.785,36.900002,36.974998
36.990002,37.285,36.32,37.264999
37.720001,38.445,37.715,38.025002
38.174999,38.400002,38.0,38.310001
38.395,38.625,38.279999,38.365002
38.485001,38.805,38.485001,38.630001
38.544998,38.700001,38.345001,38.639999
38.584999,38.799999,38.389999,38.775002
38.900002,39.415001,38.880001,39.360001
39.290001,39.330002,39.025002,39.055
39.275002,39.455002,39.075001,39.455002
39.450001,39.709999,38.82,38.93
38.705002,38.955002,38.384998,38.924999
38.474998,38.535,38.110001,38.285
37.610001,37.66,36.919998,37.290001
37.0,37.404999,36.830002,37.174999
37.494999,38.470001,37.48,38.299999
38.02,38.465,37.93,38.009998
38.139999,38.445,37.985001,38.189999
38.32,38.599998,37.759998,37.860001
37.674999,38.060001,37.59,37.77
37.91,38.049999,37.615002,37.950001
38.150002,38.744999,38.139999,38.525002
38.57,38.674999,38.209999,38.450001
38.439999,38.825001,38.360001,38.650002
38.650002,38.740002,38.25,38.355
38.235001,38.435001,38.055,38.209999
38.32,38.43,38.064999,38.154999
37.68,37.755001,37.005001,37.084999
36.990002,37.705002,36.990002,37.455002
37.005001,37.509998,36.900002,37.369999
37.595001,37.674999,37.235001,37.535
37.27,37.290001,36.665001,36.84
37.75,37.985001,37.57,37.575001
37.465,37.52,36.57,36.82
36.915001,37.43,36.785,37.285
37.595001,38.255001,37.580002,37.785
37.84,37.98,37.445,37.735001
37.84,38.369999,37.84,37.970001
37.705002,37.715,37.205002,37.41
37.799999,38.23,37.555,37.645
37.875,37.994999,37.494999,37.605
37.490002,37.955002,37.314999,37.834999
38.064999,38.455002,38.044998,38.400002
38.634998,39.0,38.59,38.685001
38.325001,38.560001,37.615002,37.865002
37.965,38.174999,37.66,37.93
37.965,38.360001,37.865002,38.130001
37.755001,37.939999,37.369999,37.689999
37.564999,37.75,37.330002,37.540001
37.360001,37.619999,36.990002,37.564999
37.465,37.735001,37.424999,37.575001
37.575001,37.66,37.325001,37.445
37.549999,37.575001,37.215,37.279999
37.445,37.970001,37.395,37.75
37.799999,38.16,37.615002,38.064999
38.145,38.549999,38.07,38.48
38.049999,38.514999,38.0,38.314999
38.619999,38.779999,38.490002,38.630001
38.700001,38.805,38.470001,38.560001
38.224998,38.240002,37.82,38.025002
37.744999,37.889999,37.5,37.814999
37.744999,37.814999,37.43,37.619999
37.73,37.939999,37.505001,37.759998
38.145,38.25,37.919998,38.040001
37.775002,37.904999,37.540001,37.764999
37.794998,37.865002,37.355,37.415001
37.330002,37.645,37.255001,37.645
37.575001,37.705002,37.145,37.165001
37.450001,37.505001,37.099998,37.255001
36.900002,36.959999,35.849998,35.955002
36.130001,36.419998,36.110001,36.215
36.310001,36.400002,36.174999,36.305
36.314999,36.68,36.299999,36.549999
36.855,37.029999,36.695,36.735001
36.965,37.290001,36.939999,37.174999
37.0,37.064999,36.860001,37.0
37.23,37.490002,37.195,37.27
37.395,37.595001,37.34,37.544998
37.615002,37.77,37.360001,37.384998
37.505001,37.77,37.389999,37.615002
37.599998,37.674999,37.314999,37.509998
37.395,37.404999,37.064999,37.220001
37.389999,37.419998,36.990002,37.139999
36.970001,37.110001,36.595001,37.09
36.950001,37.075001,36.305,36.404999
36.27,36.465,35.889999,36.400002
36.584999,36.735001,36.375,36.384998
36.349998,36.939999,36.25,36.73
37.029999,37.285,36.91,36.919998
36.860001,37.005001,36.615002,36.935001
36.939999,37.27,36.924999,37.130001
37.224998,37.439999,37.099998,37.189999
37.455002,37.689999,37.43,37.435001
37.445,37.705002,37.41,37.549999
37.709999,37.855,37.514999,37.560001
37.505001,37.674999,37.25,37.549999
37.880001,38.264999,37.849998,38.099998
38.34,38.505001,38.290001,38.345001
38.110001,38.310001,37.91,37.974998
38.125,38.174999,37.875,37.974998
37.794998,38.27,37.775002,37.869999
38.009998,38.555,38.009998,38.395
38.490002,38.564999,38.169998,38.435001
38.599998,38.860001,38.490002,38.744999
38.619999,38.855,38.360001,38.584999
38.544998,38.705002,38.345001,38.580002
38.294998,38.610001,38.145,38.549999
38.685001,39.18,38.52,38.895
38.959999,39.025002,37.5,37.674999
37.310001,37.334999,36.125,36.400002
36.759998,36.869999,35.945,36.5
36.494999,36.645,36.185001,36.195
36.294998,36.560001,36.145,36.494999
36.424999,36.535,35.955002,36.264999
35.93,36.419998,35.855,36.084999
35.904999,36.290001,35.740002,35.764999
35.740002,35.814999,35.154999,35.369999
34.849998,34.860001,33.955002,34.445
34.610001,34.619999,33.075001,33.084999
33.490002,33.834999,33.264999,33.490002
33.215,33.650002,32.689999,33.240002
33.485001,33.529999,32.185001,32.619999
32.599998,33.455002,32.450001,33.375
33.700001,34.145,33.535,33.580002
33.650002,34.025002,33.305,33.865002
34.240002,34.490002,33.439999,33.779999
34.189999,34.48,34.110001,34.345001
34.43,34.580002,34.095001,34.505001
34.950001,35.18,34.549999,35.07
34.91,35.185001,34.185001,34.310001
33.855,34.470001,33.669998,34.25
34.485001,34.630001,33.470001,33.540001
33.445,33.625,32.595001,32.77
33.279999,33.404999,32.415001,32.715
32.505001,33.235001,32.505001,33.195
33.400002,33.705002,33.235001,33.59
33.384998,33.715,33.279999,33.580002
33.139999,33.220001,32.23,32.48
32.735001,33.34,32.66,32.990002
32.169998,32.285,31.719999,31.955
32.189999,32.650002,32.185001,32.435001
32.27,32.580002,32.16,32.345001
32.314999,32.924999,32.110001,32.900002
32.924999,33.380001,32.880001,33.115002
32.825001,33.150002,32.66,33.055
33.810001,33.994999,33.395,33.790001
33.805,33.915001,32.759998,32.82
32.099998,32.264999,31.535,32.215
32.830002,33.314999,31.98,32.035
31.809999,31.965,30.809999,31.535
32.02,32.080002,31.215,31.545
32.060001,32.275002,31.65,31.67
31.594999,31.969999,31.455,31.77
31.575001,31.705,30.895,31.045
30.965,31.225,30.26,30.48
30.424999,30.535,29.594999,29.76
29.915001,30.48,29.165001,29.41
29.049999,29.495001,28.42,28.594999
28.334999,28.805,27.82,28.055
27.725,27.860001,26.895,26.92
27.18,28.6,26.68,28.594999
28.02,28.780001,27.639999,28.745001
28.875,29.004999,28.35,28.525
28.780001,28.885,28.34,28.674999
28.219999,29.434999,28.075001,29.24
29.325001,29.43,28.620001,28.950001
29.450001,30.025,29.280001,29.934999
30.16,30.6,29.76,30.379999
30.805,30.875,30.450001,30.615
31.025,31.205,30.705,31.1
30.865,31.23,30.690001,31.190001
31.030001,31.205,30.73,31.004999
30.709999,31.055,30.665001,30.93
31.1,31.334999,30.885,31.040001
31.004999,31.254999,30.895,31.0
30.764999,31.42,30.695,31.285
31.655001,31.945,31.469999,31.92
31.57,31.639999,31.139999,31.225
31.334999,31.375,30.65,30.905001
30.84,31.35,30.715,31.07
31.334999,31.66,31.285,31.465
31.049999,31.165001,30.809999,31.15
31.33,31.455,31.219999,31.245001
31.440001,31.785,31.27,31.684999
31.735001,32.040001,31.65,31.889999
32.235001,32.634998,32.130001,32.445
32.224998,32.529999,31.985001,32.52
32.494999,32.625,32.389999,32.57
32.415001,32.505001,32.299999,32.330002
32.130001,32.240002,31.32,31.615
31.530001,31.605,30.934999,31.469999
31.32,31.67,31.23,31.620001
32.044998,32.205002,31.65,32.02
32.150002,32.674999,32.115002,32.419998
32.305,32.779999,32.244999,32.535
32.875,33.084999,32.799999,33.060001
32.895,33.285,32.845001,33.16
33.110001,33.465,33.105,33.299999
33.195,33.279999,32.665001,32.785
33.029999,33.130001,32.715,32.880001
32.775002,33.044998,32.744999,32.935001
32.904999,33.130001,32.82,32.830002
32.990002,33.294998,32.799999,32.955002
32.959999,33.005001,32.419998,32.625
32.799999,33.23,32.799999,33.224998
33.345001,33.424999,32.785,33.285
33.330002,33.345001,32.939999,33.174999
32.904999,32.974998,32.59,32.755001
32.775002,32.799999,32.43,32.560001
32.035,32.099998,31.655001,31.950001
32.185001,32.525002,32.154999,32.450001
32.505001,32.825001,32.494999,32.66
32.865002,33.005001,32.73,32.990002
33.02,33.189999,32.985001,33.025002
32.740002,32.855,32.630001,32.755001
32.794998,33.264999,32.779999,33.209999
33.375,33.544998,32.985001,33.119999
33.09,33.709999,32.990002,33.41
33.310001,33.700001,33.240002,33.645
33.34,33.395,32.610001,32.735001
32.595001,32.805,32.435001,32.75
33.130001,33.445,33.040001,33.220001
33.195,33.345001,32.735001,32.985001
32.845001,33.150002,32.779999,33.110001
33.43,33.509998,32.950001,33.060001
33.279999,33.564999,33.235001,33.494999
33.580002,33.610001,33.185001,33.264999
33.360001,33.424999,32.830002,32.945
32.965,33.244999,32.805,33.220001
33.310001,33.845001,33.294998,33.805
33.855,34.125,33.814999,33.955002
33.855,33.855,33.435001,33.540001
33.615002,33.82,33.575001,33.665001
33.634998,33.924999,33.43,33.689999
34.174999,34.200001,33.695,33.779999
33.740002,33.82,33.525002,33.580002
33.700001,33.849998,33.580002,33.799999
34.005001,34.080002,33.709999,33.755001
33.849998,33.895,33.509998,33.595001
33.904999,34.330002,33.810001,34.305
34.330002,34.404999,34.025002,34.25
34.279999,34.299999,33.634998,33.650002
33.645,33.82,33.470001,33.544998
33.299999,33.310001,32.82,33.110001
33.119999,33.259998,33.014999,33.080002
33.400002,33.424999,33.014999,33.055
33.064999,33.165001,32.369999,32.395
32.189999,32.384998,31.815001,31.83
32.130001,32.380001,32.055,32.125
31.879999,32.259998,31.85,32.154999
31.775,31.9,31.469999,31.875
31.860001,32.139999,31.790001,31.875
31.725,31.995001,31.455,31.875
31.875,32.105,31.424999,32.025002
31.735001,31.889999,31.325001,31.475
31.645,32.130001,31.615,31.860001
31.68,32.095001,31.594999,32.025002
32.105,32.32,32.105,32.200001
31.985001,32.16,31.834999,31.875
31.879999,32.040001,31.825001,31.889999
32.025002,32.349998,31.985001,32.259998
32.064999,32.139999,31.655001,31.76
31.23,31.254999,30.51,30.695
30.940001,31.059999,30.545,30.809999
30.83,30.885,30.445,30.49
30.07,30.315001,29.889999,30.295
30.245001,30.299999,29.815001,29.91
29.5,29.77,29.385,29.385
29.584999,29.905001,29.540001,29.76
30.040001,30.344999,29.959999,30.275
30.334999,30.344999,29.76,29.940001
30.0,30.610001,30.0,30.495001
30.59,30.83,30.514999,30.635
30.799999,31.0,30.68,30.725
30.995001,31.094999,30.775,30.785
30.584999,30.655001,30.254999,30.35
30.700001,30.844999,30.34,30.705
30.780001,30.785,30.43,30.504999
30.440001,30.844999,30.344999,30.76
30.959999,31.370001,30.905001,31.184999
31.139999,31.33,30.985001,31.15
31.65,31.889999,31.615,31.84
31.6,31.895,31.6,31.780001
31.77,31.860001,31.445,31.495001
31.475,31.504999,31.209999,31.245001
31.559999,31.965,31.48,31.725
31.725,31.82,31.424999,31.49
31.565001,31.885,31.565001,31.855
32.25,32.355,31.805,31.885
31.790001,31.855,31.235001,31.375
31.42,31.525,31.23,31.5
31.385,31.575001,31.315001,31.545
31.495001,31.764999,31.405001,31.59
31.540001,31.635,31.33,31.615
31.815001,32.130001,31.605,32.02
32.115002,32.119999,31.885,32.084999
32.105,32.330002,32.105,32.220001
32.275002,32.294998,31.860001,31.93
31.865,31.92,31.465,31.59
31.565001,31.665001,31.209999,31.23
31.08,31.235001,30.9,31.235001
31.264999,31.485001,31.120001,31.379999
31.5,31.629999,31.275,31.525
31.525,31.695,31.43,31.610001
31.57,31.950001,31.535,31.745001
31.865,31.905001,31.290001,31.385
31.385,31.389999,31.09,31.225
31.200001,31.225,30.870001,31.1
30.975,31.525,30.915001,31.450001
31.450001,31.719999,31.09,31.35
31.004999,31.15,30.445,30.639999
30.764999,30.945,29.889999,30.200001
29.639999,29.719999,29.09,29.299999
29.375,29.545,28.950001,29.264999
28.73,29.184999,28.58,29.045
29.24,29.895,29.105,29.879999
29.905001,29.969999,29.424999,29.549999
29.48,29.525,29.07,29.200001
29.07,29.745001,28.915001,29.469999
28.84,28.91,28.27,28.315001
28.165001,28.299999,27.834999,28.139999
28.290001,28.594999,28.195,28.51
28.91,29.245001,28.855,29.139999
29.0,29.035,28.785,28.895
29.195,29.245001,28.975,29.08
29.18,29.295,28.934999,28.950001
28.605,28.875,27.82,27.98
28.225,28.375,27.98,28.1
28.25,28.365,27.775,27.924999
28.07,28.465,27.93,28.325001
28.545,28.860001,28.514999,28.74
28.85,29.1,28.57,28.74
28.275,28.66,28.190001,28.6
29.0,29.125,28.915001,29.0
29.254999,29.684999,29.209999,29.360001
29.299999,29.549999,29.135,29.514999
29.754999,30.174999,29.695,30.105
30.290001,30.9,30.23,30.459999
30.629999,30.870001,30.325001,30.49
30.105,30.52,29.855,30.299999
30.5,30.700001,30.370001,30.540001
31.82,31.825001,31.200001,31.565001
31.584999,31.594999,30.915001,31.125
30.9,31.1,30.76,30.975
31.16,31.23,30.799999,30.895
30.635,30.76,30.49,30.639999
30.434999,30.73,30.4,30.65
30.555,30.584999,29.985001,30.165001
30.025,30.25,29.955,30.215
30.08,30.15,29.67,29.82
29.655001,30.045,29.6,29.815001
29.674999,29.795,29.57,29.6
29.700001,29.809999,28.91,28.915001
28.745001,28.815001,28.125,28.205
28.049999,28.540001,27.82,28.51
28.629999,28.73,28.34,28.690001
28.735001,28.844999,28.42,28.434999
28.145,28.365,27.91,27.950001
28.200001,28.360001,28.15,28.205
28.299999,28.635,28.254999,28.559999
28.855,29.215,28.805,28.945
28.735001,29.035,28.625,28.93
28.870001,29.34,28.834999,29.049999
28.950001,29.155001,28.635,28.645
28.764999,28.855,28.575001,28.665001
28.59,28.82,28.51,28.514999
28.57,29.049999,28.535,29.025
29.115,29.735001,29.025,29.4
29.35,29.705,29.225,29.645
29.815001,29.834999,29.365,29.52
29.530001,29.844999,29.49,29.76
29.860001,30.030001,29.540001,29.59
29.48,29.959999,29.379999,29.709999
29.780001,29.795,28.99,29.105
28.985001,29.030001,28.695,28.98
29.125,29.695,29.1,29.639999
29.98,30.695,29.975,30.605
30.690001,30.915001,30.545,30.645
30.6,30.665001,29.934999,30.02
30.325001,30.565001,30.245001,30.469999
30.285,30.385,30.0,30.344999
30.059999,30.315001,29.945,30.174999
30.264999,30.43,29.865,30.02
29.865,29.995001,29.764999,29.889999
29.879999,30.045,29.67,29.809999
29.934999,30.155001,29.9,30.040001
29.85,29.885,29.549999,29.674999
29.58,29.605,29.200001,29.235001
29.225,29.745001,29.045,29.530001
29.629999,30.040001,29.535,30.014999
30.040001,30.184999,29.855,29.915001
29.879999,29.995001,29.764999,29.945
29.985001,29.995001,29.559999,29.67
29.705,29.805,29.5,29.745001
29.5,29.605,29.334999,29.445
29.545,29.735001,29.41,29.445
29.184999,29.235001,28.9,29.004999
29.26,29.530001,29.165001,29.440001
29.565001,29.6,29.200001,29.299999
29.424999,29.950001,29.42,29.860001
29.629999,29.965,29.629999,29.825001
29.924999,29.995001,29.754999,29.885
29.84,30.040001,29.775,29.834999
29.879999,30.49,29.844999,30.385
30.49,30.684999,30.135,30.155001
30.370001,30.68,30.355,30.559999
30.690001,30.855,30.465,30.58
30.545,30.889999,30.504999,30.695
30.700001,30.785,30.629999,30.684999
30.48,30.715,30.424999,30.68
30.645,31.014999,30.610001,30.995001
31.065001,31.110001,30.924999,30.98
31.115,31.219999,30.93,30.969999
31.084999,31.115,30.82,30.84
30.059999,30.115,29.805,29.85
29.700001,30.049999,29.615,30.02
30.219999,30.334999,30.115,30.290001
30.565001,30.655001,30.049999,30.200001
30.305,30.59,30.200001,30.434999
30.35,30.385,30.0,30.355
30.325001,30.360001,29.815001,29.855
29.84,30.105,29.49,30.075001
30.059999,30.084999,29.870001,29.905001
29.860001,30.01,29.705,29.915001
29.85,29.955,29.655001,29.92
29.790001,29.879999,29.615,29.700001
29.875,29.975,29.735001,29.75
29.83,29.844999,29.51,29.559999
29.395,29.4,28.98,29.030001
28.975,28.995001,28.67,28.75
28.450001,28.73,28.23,28.639999
28.51,28.639999,28.09,28.309999
27.74,27.85,27.49,27.525
27.68,27.82,27.540001,27.65
27.805,27.905001,27.325001,27.360001
27.075001,27.610001,27.004999,27.58
27.115,27.190001,26.58,26.719999
26.684999,26.725,26.275,26.370001
26.75,26.959999,26.415001,26.465
26.905001,27.555,26.889999,27.459999
27.59,27.59,27.135,27.18
26.975,27.105,26.85,26.99
26.85,26.915001,26.690001,26.855
27.219999,27.26,27.035,27.155001
27.559999,27.674999,27.295,27.52
27.445,27.59,27.275,27.434999
27.530001,27.549999,27.120001,27.290001
27.049999,27.285,26.815001,27.065001
27.245001,27.535,27.094999,27.424999
27.495001,27.700001,27.325001,27.395
27.135,27.16,26.844999,27.07
26.049999,26.200001,25.74,25.82
25.889999,25.91,24.52,24.68
24.77,24.889999,23.924999,23.934999
23.315001,23.764999,22.645,22.655001
21.940001,22.92,21.76,22.635
23.139999,23.58,22.465,23.549999
23.684999,23.995001,22.575001,22.83
23.32,23.375,22.834999,23.370001
22.700001,22.805,22.139999,22.514999
21.75,21.945,20.93,21.25
17.535,18.215,16.865,16.969999
18.334999,18.41,16.68,17.775
17.225,17.525,16.565001,16.834999
15.595,16.0,14.69,14.735
15.98,16.110001,14.4,16.094999
13.975,15.56,13.835,13.905
14.04,14.59,13.475,14.0
13.02,13.29,11.44,11.99
12.165,12.855,11.49,12.805
13.13,13.42,12.38,12.93
12.565,12.645,11.575,11.785
12.7,13.745,12.7,13.675
13.975,15.0,13.37,14.32
14.465,15.5,14.285,15.195
14.56,14.605,14.08,14.165
13.975,14.435,13.545,14.31
14.71,15.0,14.24,14.53
14.06,14.24,13.615,13.81
14.505,15.88,14.13,15.075
15.55,15.655,14.49,14.915
15.25,15.81,15.045,15.705
16.48,16.934999,16.01,16.040001
16.379999,17.165001,16.245001,17.110001
17.77,18.23,16.309999,16.955
17.545,17.610001,16.629999,16.9
16.985001,17.190001,16.709999,16.82
16.15,16.190001,15.53,16.030001
15.99,16.040001,15.325,15.345
15.665,16.995001,15.655,16.975
15.975,17.049999,15.89,16.445
15.97,16.450001,15.695,16.155001
16.885,16.995001,16.504999,16.73
17.24,17.674999,17.07,17.27
17.615,17.77,17.035,17.309999
17.18,17.809999,16.790001,17.684999
17.950001,18.200001,17.66,18.09
18.684999,19.495001,18.67,19.43
19.540001,19.540001,18.719999,19.0
18.610001,18.75,17.705,17.924999
17.594999,18.559999,17.51,18.545
19.305,19.459999,18.495001,18.559999
18.65,18.809999,18.059999,18.075001
18.584999,18.895,18.415001,18.545
18.98,19.4,18.870001,19.389999
19.26,19.315001,18.959999,19.049999
19.24,19.264999,18.690001,18.715
18.59,18.615,17.735001,17.865
17.549999,18.235001,17.15,18.065001
18.07,18.445,17.834999,17.995001
19.025,19.59,18.975,19.465
19.49,19.549999,18.905001,18.92
19.309999,19.709999,19.209999,19.674999
19.735001,19.815001,19.205,19.360001
19.205,19.26,18.844999,19.24
19.855,19.98,19.725,19.775
20.065001,20.18,19.469999,20.030001
20.08,20.08,19.375,19.469999
19.299999,19.525,18.975,19.379999
19.35,19.83,19.09,19.719999
19.934999,20.290001,19.91,20.27
20.59,20.959999,20.549999,20.865
20.75,20.950001,20.450001,20.870001
21.915001,22.625,21.895,22.42
23.235001,23.440001,22.715,23.43
22.68,22.745001,22.24,22.549999
22.34,22.360001,21.43,21.440001
19.945,20.52,19.355,19.42
20.275,20.42,19.370001,19.91
19.059999,20.174999,18.85,19.969999
20.92,20.950001,19.959999,20.545
20.465,20.469999,19.84,19.844999
19.645,20.309999,19.525,20.09
20.715,20.719999,19.764999,19.785
19.440001,19.690001,19.209999,19.625
19.92,19.969999,19.584999,19.645
19.34,19.344999,18.43,18.555
18.379999,18.98,18.285,18.91
18.775,18.775,18.17,18.254999
18.299999,18.66,18.219999,18.5
18.35,19.035,18.16,18.924999
19.0,19.254999,18.440001,18.465
18.844999,19.105,18.629999,18.67
19.0,19.135,18.49,18.725
18.49,18.514999,18.1,18.129999
18.129999,18.41,17.965,18.115
18.035,18.084999,17.200001,17.219999
17.120001,17.790001,17.120001,17.77
17.934999,18.004999,17.540001,17.674999
17.555,18.33,17.504999,18.295
18.76,18.809999,18.415001,18.690001
18.565001,18.844999,18.33,18.605
18.665001,18.870001,18.264999,18.344999
18.280001,18.49,18.025,18.040001
18.35,19.275,18.325001,19.129999
18.924999,18.924999,18.620001,18.895
18.83,18.955,18.620001,18.860001
18.860001,19.139999,18.684999,18.754999
18.73,18.860001,18.495001,18.775
18.665001,18.844999,18.405001,18.455
18.504999,18.855,18.379999,18.84
18.445,18.455,17.940001,18.1
17.825001,18.035,17.65,18.014999
18.01,18.18,17.860001,18.08
18.02,18.559999,18.004999,18.52
18.885,18.950001,18.545,18.715
18.610001,18.780001,18.495001,18.565001
18.4,18.635,18.184999,18.59
18.73,19.174999,18.684999,19.165001
19.540001,19.764999,19.01,19.1
19.389999,19.514999,19.084999,19.290001
19.135,19.295,18.870001,18.915001
18.764999,19.125,18.695,19.094999
19.1,19.110001,18.879999,18.985001
18.915001,19.1,18.690001,18.745001
18.73,18.815001,18.469999,18.530001
18.254999,18.375,18.125,18.129999
18.059999,18.094999,17.844999,18.014999
18.125,18.639999,18.014999,18.51
18.610001,18.635,18.16,18.25
18.225,18.225,17.84,17.865
17.870001,18.02,17.68,17.9
17.969999,18.275,17.879999,18.219999
18.245001,18.27,17.825001,17.825001
17.745001,17.785,17.485001,17.705
17.700001,17.805,17.51,17.620001
17.584999,17.950001,17.385,17.49
17.67,17.790001,17.219999,17.434999
17.105,17.184999,16.610001,16.799999
16.99,17.084999,16.855,16.915001
16.965,16.985001,16.264999,16.295
16.33,16.415001,16.174999,16.309999
16.355,16.584999,16.24,16.434999
16.545,16.695,16.264999,16.315001
16.459999,17.190001,16.32,16.969999
16.700001,17.01,16.535,16.995001
16.985001,16.995001,16.635,16.805
16.129999,16.17,15.715,15.985
15.995,16.25,15.79,15.82
15.88,15.94,15.085,15.105
15.05,15.375,14.77,15.1
14.945,15.205,14.85,15.09
15.365,15.615,15.345,15.445
15.4,15.435,14.87,15.02
15.115,15.29,14.905,14.975
14.81,14.875,14.425,14.515
14.125,14.78,14.1,14.655
14.785,15.105,14.75,15.095
15.315,15.4,14.83,14.87
14.955,15.12,14.785,15.08
15.205,15.655,15.135,15.645
15.785,15.825,15.37,15.395
15.345,15.49,15.185,15.435
15.435,15.525,15.15,15.195
15.23,15.615,15.2,15.26
15.0,15.45,14.865,15.445
15.415,15.435,15.07,15.095
15.15,15.225,14.76,14.775
14.86,15.08,14.76,14.95
14.865,14.95,14.66,14.665
14.69,15.29,14.595,15.27
15.35,15.44,15.005,15.195
14.935,14.955,14.505,14.65
14.635,14.64,14.425,14.46
14.105,14.195,13.775,13.855
13.675,14.325,13.49,14.28
14.18,14.37,14.015,14.36
14.555,15.045,14.285,14.85
15.1,15.11,14.63,14.765
14.785,15.14,14.385,14.785
14.805,15.08,14.755,14.785
14.785,15.005,14.405,14.465
16.200001,16.895,16.15,16.530001
16.84,17.065001,16.49,17.065001
17.25,17.285,16.73,16.889999
16.594999,16.83,16.17,16.344999
16.469999,17.025,16.450001,16.940001
17.66,18.094999,17.445,18.055
17.82,18.25,17.584999,18.24
18.395,18.465,17.709999,17.709999
17.584999,18.035,17.405001,18.0
17.955,18.035,17.780001,17.905001
18.184999,19.195,18.165001,19.17
19.815001,20.209999,19.639999,20.155001
20.025,20.025,19.575001,19.684999
19.575001,19.735001,19.299999,19.455
19.24,19.264999,18.35,18.379999
18.889999,18.995001,18.434999,18.465
18.405001,19.355,18.344999,19.065001
19.15,19.5,18.955,19.264999
19.615,20.33,19.615,20.315001
20.075001,20.120001,19.65,19.84
19.594999,20.334999,19.59,20.135
20.34,20.67,19.934999,20.18
20.205,21.040001,20.15,20.799999
20.66,20.665001,20.27,20.559999
20.875,20.879999,19.764999,19.84
19.950001,20.33,19.764999,20.23
20.280001,20.355,19.99,20.129999
20.309999,20.315001,19.915001,20.035
19.995001,20.105,19.545,19.700001
18.705,19.23,18.51,19.065001
19.025,19.09,18.725,18.745001
18.905001,19.424999,18.9,19.16
19.184999,19.184999,18.870001,19.059999
19.129999,19.370001,18.885,18.940001
19.055,19.110001,18.725,18.815001
18.83,19.290001,18.785,19.110001
19.025,19.105,18.865,18.950001
19.17,19.33,18.754999,18.98
19.184999,20.35,19.17,19.83
20.219999,20.625,19.959999,20.434999
20.615,20.945,20.4,20.735001
21.0,21.0,20.545,20.709999
20.26,21.120001,20.145,21.035
21.290001,21.885,21.129999,21.77
21.844999,21.855,21.434999,21.6
21.735001,22.5,21.715,22.24
21.844999,21.85,21.165001,21.375
21.635,21.955,21.565001,21.805
21.99,22.045,21.67,21.885
21.764999,21.875,20.950001,21.145
20.68,21.094999,20.51,21.035
20.805,20.885,20.440001,20.82
21.004999,21.32,20.365,20.375
20.040001,20.66,19.754999,20.1
20.264999,20.58,20.08,20.334999
20.049999,20.309999,19.584999,19.66
19.9,20.0,19.469999,19.799999
20.275,20.495001,20.014999,20.014999
20.120001,20.924999,20.045,20.870001
21.025,21.105,20.655001,21.1
21.43,21.5,21.219999,21.280001
21.59,22.275,21.57,22.17
21.995001,22.065001,21.645,21.934999
22.01,22.375,21.870001,22.355
22.285,22.290001,21.545,22.01
21.855,22.355,21.815001,22.334999
22.85,23.16,22.735001,22.895
23.129999,23.385,22.795,23.235001
23.135,23.18,22.639999,22.709999
22.74,23.18,22.715,23.09
23.245001,24.235001,23.205,23.889999
24.174999,24.355,23.254999,24.285
24.445,25.290001,24.24,25.145
25.405001,25.405001,24.49,24.66
24.33,24.4,23.365,24.075001
24.709999,25.040001,24.530001,24.700001
24.790001,24.99,24.549999,24.565001
24.745001,25.49,24.74,24.924999
25.15,25.98,24.915001,25.52
26.245001,26.535,25.59,26.475
26.735001,26.875,26.139999,26.525
26.375,26.754999,25.875,26.059999
26.1,26.809999,25.975,26.719999
26.775,27.184999,26.67,26.73
26.780001,27.025,26.584999,26.785
26.725,26.799999,26.16,26.48
26.040001,26.065001,25.565001,25.725
25.65,26.049999,25.43,25.924999
25.695,25.809999,24.655001,24.76
24.75,25.174999,24.43,24.764999
24.450001,24.545,24.219999,24.27
23.780001,24.450001,23.629999,23.915001
24.280001,24.844999,24.280001,24.514999
24.105,24.674999,23.715,24.605
25.049999,25.25,24.764999,25.215
25.0,25.129999,24.610001,24.915001
24.66,24.965,24.514999,24.700001
24.65,24.76,24.434999,24.530001
24.639999,25.165001,24.51,25.155001
25.105,25.110001,24.41,24.555
24.674999,25.004999,24.450001,24.49
24.5,24.700001,24.41,24.575001
24.4,24.405001,23.975,24.254999
24.25,24.459999,23.985001,24.094999
24.305,24.48,23.82,23.905001
23.865,24.059999,23.690001,23.93
24.139999,24.92,24.115,24.594999
24.625,24.625,24.295,24.395
24.575001,24.635,24.1,24.200001
24.25,24.43,23.940001,24.174999
24.09,24.125,23.295,23.535
23.235001,23.92,23.125,23.834999
23.950001,23.959999,23.475,23.555
23.575001,23.875,23.434999,23.77
23.68,24.110001,23.68,23.93
24.02,24.305,23.91,24.219999
24.4,25.15,24.379999,25.055
25.415001,25.645,25.025,25.334999
24.975,25.32,24.639999,24.695
24.98,25.440001,24.9,25.375
25.424999,25.615,25.1,25.389999
25.705,26.290001,25.705,26.209999
26.205,26.344999,25.719999,26.344999
26.075001,26.860001,25.98,26.815001
27.15,27.57,26.805,26.825001
26.264999,26.639999,25.905001,26.135
26.27,27.035,26.139999,26.26
25.945,26.424999,25.59,25.940001
26.225,26.844999,26.225,26.745001
26.65,27.375,26.610001,27.365
27.325001,27.424999,26.68,26.73
26.105,26.360001,25.700001,26.065001
26.055,26.145,25.655001,26.025
26.285,26.469999,26.059999,26.08
26.26,26.4,25.965,26.34
26.275,26.344999,25.764999,25.805
25.83,26.129999,25.709999,26.035
26.139999,26.375,25.91,26.055
26.200001,26.235001,25.965,26.105
26.620001,27.17,26.605,27.110001
27.275,27.745001,26.955,27.615
27.5,27.844999,27.325001,27.690001
27.870001,27.99,27.465,27.875
27.870001,28.040001,27.715,27.754999
27.66,28.045,27.33,27.995001
28.075001,28.195,27.805,27.82
28.195,28.325001,27.49,27.785
27.885,28.040001,27.655001,27.690001
27.790001,27.959999,27.344999,27.57
27.745001,28.17,27.674999,28.094999
28.049999,28.275,27.700001,27.945
27.875,28.110001,26.629999,26.995001
26.43,26.764999,26.174999,26.195
26.145,27.084999,26.145,27.035
26.969999,27.32,26.674999,27.215
27.465,27.775,27.24,27.290001
27.415001,27.545,27.15,27.525
27.6,27.684999,27.445,27.67
27.549999,27.565001,26.625,26.735001
26.895,27.045,26.57,26.605
26.684999,27.014999,26.66,26.934999
27.549999,27.635,27.15,27.405001
27.290001,27.434999,27.055,27.344999
27.254999,27.305,26.344999,26.455
26.415001,26.66,25.735001,26.025
25.565001,26.120001,25.475,25.875
26.205,26.445,25.9,26.424999
26.125,26.545,25.940001,26.385
26.254999,26.42,26.030001,26.184999
26.264999,26.57,25.305,25.405001
25.129999,25.434999,24.93,25.049999
25.24,25.25,24.295,24.34
23.51,23.815001,23.15,23.48
23.49,24.045,23.290001,23.795
24.264999,24.825001,24.209999,24.625
24.6,24.6,24.139999,24.35
24.43,24.440001,24.014999,24.26
24.32,24.959999,24.275,24.860001
24.665001,24.705,24.34,24.629999
24.695,25.059999,24.469999,24.855
25.174999,25.285,24.945,25.094999
25.045,25.15,24.545,24.695
24.709999,25.309999,24.469999,24.51
24.43,24.98,24.200001,24.93
24.48,24.785,24.219999,24.254999
24.405001,24.83,24.299999,24.530001
24.74,24.950001,24.620001,24.754999
24.424999,24.6,24.24,24.405001
24.535,24.9,24.504999,24.834999
24.77,25.075001,24.615,25.030001
25.01,25.145,24.700001,25.004999
25.02,25.02,24.65,24.709999
24.375,24.385,24.040001,24.254999
24.02,24.395,23.790001,24.004999
24.0,24.190001,23.475,23.504999
23.1,23.25,22.57,22.895
22.684999,23.09,22.584999,22.945
23.5,23.870001,23.450001,23.805
24.004999,24.325001,23.965,24.200001
24.15,24.52,23.99,24.385
24.245001,24.379999,23.975,24.014999
24.315001,24.82,24.26,24.655001
24.75,24.844999,24.355,24.365
24.245001,24.465,24.139999,24.200001
24.174999,24.315001,23.754999,23.844999
24.065001,24.645,24.065001,24.450001
24.4,24.58,24.195,24.309999
24.195,24.5,24.075001,24.165001
24.299999,24.459999,23.84,23.855
23.695,24.280001,23.57,23.905001
24.275,24.325001,23.82,23.895
24.205,24.745001,24.205,24.58
24.799999,24.844999,24.120001,24.225
24.57,25.15,24.530001,25.129999
25.105,25.110001,24.709999,24.844999
24.719999,25.110001,24.594999,24.66
23.775,23.905001,23.235001,23.620001
23.9,24.025,23.424999,23.674999
24.075001,24.690001,24.075001,24.405001
24.540001,25.334999,24.424999,25.26
25.125,25.58,25.075001,25.450001
26.01,26.459999,25.975,26.355
26.605,26.915001,26.385,26.445
26.42,26.610001,26.094999,26.445
26.370001,26.514999,26.045,26.045
26.235001,26.945,26.235001,26.92
27.209999,27.66,27.084999,27.360001
27.75,28.025,27.235001,27.52
27.065001,27.379999,26.75,27.23
27.299999,27.59,27.165001,27.440001
27.73,28.35,27.665001,28.285
28.709999,28.795,28.155001,28.18
28.125,28.475,28.01,28.205
28.0,28.325001,27.684999,28.18
28.5,28.645,28.24,28.525
28.844999,28.955,28.65,28.665001
28.945,29.105,28.525,28.684999
28.805,29.110001,28.65,29.01
28.790001,29.25,28.674999,29.245001
29.02,29.125,28.469999,28.705
28.809999,29.0,28.540001,28.975
29.33,29.559999,29.174999,29.4
29.5,29.705,29.389999,29.57
29.25,29.41,28.655001,28.719999
28.565001,28.950001,28.559999,28.924999
29.07,29.135,28.615,28.735001
29.02,29.309999,28.940001,29.23
29.059999,29.285,28.860001,28.955
28.605,29.014999,28.485001,28.715
29.139999,29.215,28.495001,28.754999
29.15,29.26,28.889999,29.129999
29.375,29.700001,29.235001,29.395
29.43,29.525,29.01,29.514999
29.389999,29.485001,28.565001,28.735001
28.754999,29.040001,28.754999,28.844999
28.725,28.889999,28.6,28.775
28.75,29.184999,28.504999,29.014999
29.1,29.295,28.92,29.059999
28.775,29.190001,28.514999,28.615
28.549999,28.775,28.1,28.445
27.83,27.905001,27.275,27.334999
27.295,28.24,27.290001,27.82
28.184999,28.77,28.16,28.674999
28.525,29.120001,28.485001,28.955
27.52,27.879999,27.07,27.790001
28.395,28.68,27.860001,27.950001
27.424999,27.84,27.16,27.295
27.934999,28.190001,26.99,27.004999
27.02,27.889999,26.700001,27.790001
28.165001,28.290001,27.305,27.57
27.995001,28.309999,27.65,27.98
28.370001,28.905001,28.334999,28.635
28.795,28.934999,28.57,28.629999
28.450001,28.525,28.235001,28.41
28.715,28.735001,28.110001,28.620001
28.365,28.450001,27.690001,27.825001
27.655001,28.135,27.615,27.709999
27.67,27.74,26.959999,27.575001
27.815001,28.32,27.705,27.75
27.549999,27.674999,26.940001,27.184999
26.115,26.525,25.83,26.504999
26.775,27.360001,26.764999,27.26
27.290001,27.620001,26.959999,27.434999
27.555,27.83,27.440001,27.450001
27.360001,28.075001,27.129999,28.049999
28.120001,28.305,27.875,28.030001
27.985001,28.120001,27.715,27.85
27.860001,28.08,27.655001,27.68
27.610001,27.895,27.565001,27.75
27.790001,28.655001,27.775,28.610001
29.0,29.715,28.905001,29.6
29.889999,30.219999,29.549999,29.594999
30.290001,30.424999,29.83,30.254999
30.370001,30.75,30.16,30.67
30.74,30.799999,30.174999,30.575001
30.84,31.67,30.58,31.615
31.785,31.870001,31.445,31.674999
31.674999,31.93,31.385,31.514999
31.545,32.305,31.525,32.255001
32.599998,32.764999,31.889999,32.384998
32.634998,32.669998,31.895,32.150002
31.940001,32.709999,31.790001,31.855
31.495001,31.695,30.895,31.225
30.485001,31.545,29.92,31.434999
31.315001,32.775002,30.735001,32.654999
33.0,33.264999,32.244999,32.599998
33.174999,33.529999,32.41,32.955002
32.735001,33.134998,32.130001,32.814999
32.740002,33.169998,32.220001,32.959999
32.764999,34.215,32.689999,34.134998
33.959999,34.310001,33.540001,34.244999
34.105,34.174999,33.549999,33.919998
34.349998,35.0,34.27,34.450001
34.285,35.215,34.025002,34.889999
34.785,34.855,33.900002,34.139999
34.220001,34.689999,34.134998,34.424999
34.255001,34.869999,33.985001,34.209999
34.439999,35.25,34.224998,35.205002
34.990002,35.029999,33.965,34.375
33.529999,34.095001,33.34,34.014999
34.285,34.884998,34.080002,34.290001
34.259998,34.595001,33.970001,34.235001
33.75,34.294998,33.695,34.025002
35.055,35.055,32.970001,33.474998
33.669998,34.080002,33.474998,33.82
34.540001,34.580002,32.68,33.555
33.630001,34.474998,33.630001,34.439999
34.195,35.330002,34.005001,35.290001
35.605,36.244999,35.145,35.645
36.189999,36.75,36.014999,36.459999
36.105,36.810001,36.029999,36.560001
36.555,37.634998,36.459999,37.615002
38.005001,38.779999,37.32,38.169998
39.040001,40.110001,37.665001,38.77
37.349998,38.470001,36.75,37.584999
38.029999,38.834999,37.759998,38.735001
38.115002,38.904999,38.055,38.424999
37.605,37.869999,36.775002,37.275002
35.830002,36.325001,35.220001,35.91
36.044998,36.360001,35.369999,35.744999
36.380001,37.07,36.154999,36.974998
36.91,37.189999,36.66,36.939999
37.330002,38.185001,37.310001,38.064999
37.904999,38.115002,37.355,37.785
38.494999,38.790001,38.310001,38.435001
38.580002,38.91,38.275002,38.529999
38.299999,39.424999,38.27,39.375
38.564999,38.580002,38.154999,38.400002
37.540001,38.32,37.095001,38.299999
38.669998,39.02,38.43,38.744999
38.380001,39.105,38.215,38.220001
38.169998,38.889999,38.145,38.529999
38.779999,38.904999,38.169998,38.580002
38.650002,39.244999,37.93,37.974998
38.389999,38.735001,37.985001,38.200001
38.380001,38.830002,37.669998,38.700001
38.805,39.875,38.805,39.764999
39.34,39.349998,38.485001,38.57
39.349998,39.924999,39.134998,39.209999
39.689999,39.904999,39.035,39.794998
39.605,40.240002,39.544998,39.924999
40.255001,40.75,40.005001,40.509998
40.299999,40.695,39.945,40.18
40.285,40.549999,39.895,40.334999
40.575001,40.755001,38.904999,39.055
38.900002,39.459999,38.084999,38.099998
36.900002,37.040001,35.5,36.84
37.115002,37.900002,36.794998,36.889999
37.125,37.794998,36.459999,37.43
37.68,38.880001,36.939999,38.564999
38.650002,38.869999,37.439999,37.575001
37.345001,38.189999,37.23,38.174999
38.244999,39.424999,38.220001,39.244999
40.0,40.959999,39.490002,40.875
41.165001,41.205002,39.439999,40.259998
40.779999,41.465,39.965,41.459999
40.57,40.605,37.875,38.029999
38.615002,39.345001,37.564999,38.375
39.014999,40.165001,38.825001,38.889999
38.875,39.075001,37.84,39.055
39.634998,40.549999,39.564999,40.389999
40.535,41.880001,40.509998,41.455002
42.014999,42.189999,41.560001,41.935001
42.235001,42.285,40.369999,40.860001
39.93,41.395,39.93,40.709999
41.209999,41.695,40.064999,40.884998
41.369999,42.110001,41.115002,41.965
41.5,42.299999,41.18,42.125
42.27,43.055,42.209999,42.994999
43.255001,43.794998,43.224998,43.470001
43.275002,44.384998,43.169998,44.264999
44.994999,45.23,43.365002,43.599998
44.150002,44.634998,43.665001,44.310001
44.0,44.48,43.73,44.169998
44.224998,44.895,44.174999,44.755001
44.970001,45.0,44.465,44.705002
44.674999,46.099998,44.639999,46.040001
46.264999,46.654999,45.855,46.139999
45.744999,46.035,45.07,45.119999
44.599998,45.27,43.84,44.355
43.009998,43.055,41.205002,42.040001
42.884998,43.435001,41.57,42.119999
42.025002,42.235001,40.494999,41.189999
40.095001,40.314999,38.535,38.869999
38.599998,38.884998,36.299999,36.744999
37.305,38.48,37.240002,38.220001
36.380001,37.334999,36.18,36.689999
36.865002,37.130001,34.735001,35.330002
35.935001,36.555,35.415001,35.794998
36.209999,37.095001,36.165001,36.845001
37.720001,38.450001,37.27,37.84
38.365002,38.494999,36.419998,36.525002
35.740002,36.68,35.435001,35.755001
36.189999,36.445,35.064999,36.290001
35.540001,35.709999,34.095001,34.849998
34.474998,35.095001,33.224998,34.255001
35.185001,35.77,35.099998,35.490002
35.919998,36.07,34.98,35.474998
35.029999,35.43,34.665001,35.134998
34.215,34.654999,33.830002,34.450001
33.950001,35.115002,33.950001,34.395
33.189999,33.785,32.740002,33.744999
34.48,34.514999,33.785,34.294998
35.209999,35.66,34.915001,35.080002
35.029999,36.25,35.02,36.16
35.759998,36.674999,35.610001,36.509998
35.509998,35.904999,34.830002,35.869999
36.009998,36.365002,35.369999,35.575001
36.064999,36.915001,35.634998,36.880001
37.32,37.485001,36.299999,36.544998
36.779999,37.555,36.404999,37.369999
37.705002,37.965,36.884998,37.580002
38.264999,39.330002,38.189999,39.209999
38.540001,38.639999,37.884998,38.400002
38.404999,38.695,37.970001,38.310001
38.470001,38.584999,36.98,37.209999
36.955002,37.060001,35.695,35.830002
35.345001,36.855,35.345001,36.540001
36.5,37.060001,36.445,36.73
37.25,37.849998,37.185001,37.375
37.459999,37.860001,36.720001,37.645
38.349998,39.27,38.235001,38.939999
38.685001,39.255001,38.52,39.235001
37.814999,38.68,37.470001,38.470001
38.525002,38.93,38.139999,38.380001
38.205002,39.099998,38.105,38.700001
39.130001,39.779999,39.060001,39.740002
39.639999,40.005001,39.41,39.73
39.389999,39.900002,38.740002,39.654999
40.305,41.395,40.275002,41.084999
41.09,41.650002,40.904999,41.59
41.830002,42.119999,41.505001,41.91
41.825001,42.279999,41.235001,41.419998
41.400002,42.59,41.294998,42.044998
41.325001,41.334999,40.285,40.619999
39.615002,40.919998,39.470001,40.25
39.654999,39.805,38.709999,39.259998
40.224998,40.509998,39.764999,39.98
40.355,40.490002,39.445,39.610001
38.744999,39.32,38.389999,39.150002
39.325001,39.514999,38.845001,39.32
40.025002,40.494999,39.73,40.299999
40.889999,41.485001,40.540001,41.040001
40.400002,41.09,39.825001,40.005001
40.380001,41.424999,40.380001,41.134998
40.404999,40.575001,39.880001,40.075001
39.950001,39.98,38.650002,39.220001
37.73,38.845001,37.639999,38.82
38.549999,38.775002,38.095001,38.549999
39.275002,39.330002,37.970001,37.985001
38.674999,38.799999,37.82,37.849998
36.380001,36.450001,34.970001,35.240002
35.02,35.459999,34.330002,34.375
34.970001,35.404999,34.564999,34.759998
35.110001,36.5,34.900002,36.299999
36.035,36.375,35.400002,36.299999
36.009998,36.509998,35.66,36.009998
37.305,38.244999,37.244999,38.044998
38.814999,39.715,38.509998,39.68
39.665001,40.814999,39.325001,40.5
40.169998,41.345001,40.139999,41.220001
41.305,41.77,40.605,40.900002
41.060001,41.41,39.93,40.060001
39.310001,40.424999,39.145,39.740002
39.48,40.34,39.220001,40.060001
39.535,41.855,39.525002,41.695
41.240002,41.834999,40.060001,40.139999
40.77,41.310001,40.525002,40.639999
40.974998,41.375,40.205002,40.994999
41.115002,42.360001,41.099998,42.205002
42.525002,42.915001,41.990002,42.244999
42.48,43.549999,42.369999,43.465
43.439999,43.974998,43.205002,43.669998
43.5,43.915001,43.264999,43.715
43.880001,44.66,43.849998,44.310001
44.919998,45.220001,44.334999,44.470001
44.950001,45.314999,43.825001,44.625
44.185001,45.59,44.134998,45.0
45.755001,45.775002,45.16,45.435001
45.290001,45.525002,44.235001,44.34
44.07,45.415001,43.945,45.16
46.165001,46.509998,45.07,45.709999
45.805,46.639999,45.724998,46.494999
46.404999,46.740002,45.970001,46.540001
45.91,46.055,44.165001,44.264999
45.18,45.299999,44.25,45.25
46.115002,46.805,46.005001,46.564999
46.43,47.355,46.424999,46.549999
46.724998,47.16,46.419998,47.040001
46.619999,46.904999,45.84,46.080002
45.375,46.220001,45.139999,46.18
45.325001,45.939999,44.755001,45.814999
44.82,45.314999,43.645,45.195
45.759998,46.715,45.549999,46.610001
45.764999,46.400002,45.595001,46.105
46.134998,46.459999,45.855,45.935001
44.810001,45.375,44.525002,44.674999
45.169998,45.615002,45.005001,45.349998
45.855,45.945,44.860001,45.575001
45.895,46.125,45.27,45.424999
45.110001,45.689999,44.889999,45.154999
45.599998,45.779999,43.439999,43.814999
43.540001,44.064999,42.365002,42.66
42.650002,43.209999,42.185001,42.560001
43.514999,43.610001,42.134998,42.369999
42.235001,42.700001,41.325001,41.34
41.575001,42.525002,41.415001,42.424999
43.25,43.59,42.889999,43.23
43.525002,43.68,42.580002,42.965
42.59,42.805,41.98,42.705002
41.900002,42.380001,41.605,42.18
42.189999,42.325001,41.439999,41.744999
41.875,42.645,41.715,42.375
43.240002,43.375,42.605,43.18
43.224998,43.25,41.34,42.185001
42.744999,43.540001,42.525002,43.529999
43.720001,44.18,43.560001,43.994999
43.935001,43.935001,42.875,43.009998
42.830002,43.654999,42.810001,43.459999
43.23,43.82,43.224998,43.735001
43.459999,43.68,41.674999,42.200001
41.575001,42.439999,41.415001,42.195
42.125,43.200001,42.005001,42.965
43.52,44.314999,43.41,43.779999
44.439999,44.509998,43.485001,43.625
43.91,44.025002,43.244999,43.935001
44.32,44.43,43.595001,44.07
44.334999,45.200001,44.25,44.91
44.875,45.084999,44.400002,44.974998
45.080002,45.540001,44.884998,45.07
45.279999,45.785,44.200001,44.244999
43.990002,44.974998,43.895,44.794998
44.889999,45.395,44.435001,45.240002
45.57,45.794998,45.154999,45.299999
45.150002,45.23,44.23,45.125
44.904999,45.130001,44.189999,45.130001
45.860001,46.575001,45.299999,46.555
46.305,46.535,45.540001,45.615002
45.285,45.349998,44.509998,44.57
44.419998,45.035,43.965,44.965
44.755001,44.945,43.5,44.080002
43.91,43.994999,42.599998,43.075001
43.255001,43.955002,42.935001,42.98
43.02,43.345001,42.259998,42.785
43.055,44.240002,42.830002,44.174999
44.139999,44.365002,43.529999,43.779999
43.785,43.924999,43.375,43.404999
44.125,45.195,44.084999,45.105
44.875,45.165001,44.41,44.990002
44.634998,45.334999,44.509998,45.005001
44.5,44.595001,43.674999,44.240002
44.0,44.380001,43.759998,43.805
43.125,43.154999,42.060001,42.244999
42.060001,42.52,41.955002,42.035
41.919998,42.314999,41.395,41.755001
42.384998,42.630001,41.849998,42.384998
41.759998,42.389999,41.52,42.330002
42.415001,42.639999,42.105,42.455002
42.884998,42.900002,41.810001,41.845001
41.880001,42.884998,41.724998,42.669998
42.595001,43.205002,42.459999,43.044998
42.529999,43.845001,42.5,43.630001
43.389999,43.720001,43.215,43.650002
43.389999,43.5,42.779999,42.889999
42.700001,43.244999,42.040001,42.450001
42.695,43.294998,41.84,41.849998
41.849998,42.439999,41.075001,41.314999
40.259998,41.200001,39.555,40.474998
40.470001,41.785,40.154999,40.875
39.375,39.674999,38.119999,38.68
37.830002,39.200001,37.68,39.099998
38.875,39.200001,38.169998,38.485001
38.049999,39.099998,38.049999,38.849998
39.650002,40.32,39.529999,40.195
40.220001,40.404999,39.310001,39.34
39.555,39.900002,38.419998,38.794998
38.025002,39.095001,37.904999,38.945
39.355,40.0,39.040001,39.775002
39.549999,40.564999,39.535,40.389999
40.790001,40.994999,40.525002,40.950001
41.290001,41.349998,40.889999,41.130001
41.235001,41.485001,41.084999,41.415001
43.16,43.57,42.935001,43.290001
43.419998,43.474998,42.125,42.505001
42.610001,43.145,42.255001,43.145
43.080002,43.125,42.404999,42.490002
42.650002,43.32,42.650002,42.830002
43.07,43.505001,42.825001,43.235001
43.535,43.625,43.134998,43.264999
43.200001,43.645,43.095001,43.535
43.595001,43.869999,43.360001,43.615002
43.470001,43.650002,42.950001,43.099998
43.0,43.380001,42.785,43.27
42.880001,43.154999,42.645,43.119999
42.52,42.75,42.220001,42.740002
42.895,42.915001,42.299999,42.490002
42.355,43.34,42.34,43.139999
42.720001,42.794998,42.080002,42.330002
42.029999,42.419998,41.509998,41.764999
41.740002,42.02,41.345001,41.915001
41.764999,42.794998,41.619999,42.564999
42.029999,42.540001,41.860001,42.084999
41.580002,41.645,39.869999,40.255001
39.740002,40.205002,39.48,39.494999
39.509998,39.91,38.935001,39.055
40.134998,40.43,39.895,40.115002
40.700001,40.875,40.110001,40.115002
39.799999,40.509998,39.715,40.130001
40.330002,40.41,39.375,39.674999
39.115002,39.404999,38.900002,39.200001
39.395,39.66,38.974998,39.259998
39.404999,39.685001,39.095001,39.459999
39.275002,39.445,38.43,38.490002
38.884998,39.439999,38.599998,39.23
38.994999,39.564999,38.75,39.514999
39.880001,40.130001,39.595001,39.82
39.669998,40.060001,39.595001,39.654999
40.035,40.535,39.93,40.080002
40.395,40.564999,39.915001,40.255001
39.674999,39.759998,39.169998,39.540001
39.779999,39.889999,39.18,39.384998
38.700001,39.025002,38.549999,38.98
38.369999,38.665001,38.165001,38.294998
38.384998,39.205002,38.125,38.77
39.494999,40.139999,39.224998,39.950001
40.535,40.535,39.615002,39.685001
39.16,40.040001,39.119999,40.005001
40.200001,41.115002,40.174999,41.064999
41.119999,41.259998,40.209999,40.889999
40.869999,41.07,40.555,40.665001
40.055,40.68,40.0,40.275002
40.720001,41.259998,40.445,40.465
40.865002,41.044998,39.75,40.049999
40.119999,40.794998,40.110001,40.490002
40.639999,40.755001,40.314999,40.43
39.810001,39.855,38.884998,39.18
39.02,39.825001,38.959999,39.490002
39.130001,39.174999,38.814999,38.959999
38.540001,38.785,38.360001,38.68
38.75,39.595001,38.66,39.375
39.334999,39.634998,39.105,39.465
39.424999,39.915001,39.075001,39.865002
40.014999,40.325001,39.799999,40.325001
40.599998,40.790001,40.299999,40.584999
40.685001,40.985001,40.529999,40.68
40.849998,40.860001,40.224998,40.455002
40.014999,40.294998,39.244999,39.544998
39.349998,40.77,39.32,40.395
40.290001,40.790001,40.259998,40.709999
40.895,41.669998,40.814999,41.605
41.945,42.224998,41.73,41.990002
41.990002,42.25,41.439999,41.830002
41.560001,41.599998,40.625,40.724998
40.580002,40.82,40.459999,40.645
40.549999,41.48,40.485001,41.055
41.055,41.575001,40.965,41.294998
41.634998,41.865002,41.43,41.779999
41.935001,42.169998,41.665001,42.150002
42.365002,43.139999,42.349998,42.830002
42.810001,43.305,42.549999,43.055
42.700001,43.240002,42.639999,43.07
43.305,43.48,42.674999,42.794998
42.764999,42.935001,42.299999,42.924999
43.299999,43.865002,43.174999,43.740002
43.564999,43.66,43.064999,43.535
43.240002,43.459999,42.599998,42.965
43.080002,43.790001,42.845001,43.400002
43.709999,44.119999,43.41,43.459999
43.705002,43.794998,43.380001,43.509998
42.805,43.744999,42.485001,43.724998
44.150002,44.68,43.875,44.275002
44.34,44.845001,43.970001,44.27
44.25,45.0,44.240002,44.950001
44.825001,44.945,44.459999,44.759998
44.450001,44.5,43.75,43.830002
43.875,44.349998,43.419998,43.450001
44.060001,44.57,43.904999,43.970001
43.715,44.459999,43.575001,44.404999
44.584999,44.764999,43.82,44.125
44.18,44.334999,43.759998,43.785
43.310001,43.715,42.935001,43.674999
43.279999,43.834999,43.25,43.375
43.634998,44.014999,43.255001,43.794998
43.91,44.419998,43.834999,44.09
44.25,44.255001,43.77,44.209999
44.41,44.509998,44.235001,44.43
44.595001,44.669998,44.139999,44.459999
44.950001,45.419998,44.939999,45.369999
45.625,46.075001,45.580002,45.610001
45.52,45.875,45.294998,45.630001
45.720001,45.955002,45.505001,45.584999
45.799999,46.355,45.775002,46.025002
46.360001,46.5,45.235001,45.419998
45.91,46.540001,45.825001,46.490002
46.535,46.630001,45.900002,46.139999
46.619999,46.845001,46.48,46.68
46.25,46.705002,46.005001,46.005001
46.139999,46.275002,45.715,46.055
46.400002,46.465,45.355,45.625
45.400002,45.915001,45.169998,45.200001
45.509998,45.615002,44.505001,44.580002
44.915001,45.215,44.615002,44.654999
44.535,45.285,44.535,45.215
44.825001,45.224998,44.755001,44.955002
45.514999,46.205002,45.314999,46.075001
45.875,46.395,45.77,46.125
46.055,46.235001,45.025002,45.195
45.134998,45.255001,43.990002,44.294998
44.189999,44.349998,43.830002,44.264999
43.605,43.68,42.455002,42.875
42.259998,42.985001,42.259998,42.610001
42.610001,43.255001,42.130001,42.865002
44.014999,44.48,43.700001,44.294998
44.334999,44.645,44.084999,44.349998
43.895,43.939999,43.275002,43.779999
44.244999,44.285,43.625,43.830002
44.544998,45.009998,44.355,44.794998
45.084999,45.23,44.665001,45.095001
44.994999,45.705002,44.93,45.564999
45.75,46.169998,45.645,45.98
45.82,46.279999,45.384998,45.900002
45.82,45.990002,44.974998,45.130001
44.869999,44.875,44.195,44.400002
44.509998,44.544998,43.759998,43.775002
43.805,44.029999,43.474998,43.695
43.294998,43.555,42.924999,43.355
43.310001,43.474998,42.169998,42.314999
42.465,42.77,42.044998,42.455002
42.505001,42.685001,42.080002,42.595001
42.865002,43.095001,42.435001,42.494999
42.599998,43.82,42.355,43.779999
43.700001,43.84,43.075001,43.34
43.685001,43.685001,42.724998,42.849998
42.290001,42.365002,41.715,41.900002
41.740002,42.014999,41.360001,41.375
41.68,41.775002,41.224998,41.25
41.715,41.805,41.310001,41.705002
41.77,42.09,41.639999,42.005001
42.165001,42.5,42.095001,42.380001
42.314999,42.834999,42.240002,42.299999
41.900002,42.060001,41.055,41.474998
41.830002,42.625,41.73,42.345001
42.52,42.77,42.395,42.404999
42.205002,42.384998,41.904999,42.310001
41.465,42.325001,41.23,42.290001
42.275002,42.779999,42.25,42.465
42.244999,42.389999,41.919998,42.314999
42.400002,42.715,42.244999,42.325001
42.59,42.645,41.875,42.009998
42.369999,42.895,41.785,42.290001
42.240002,43.014999,42.049999,42.509998
42.200001,42.580002,42.005001,42.314999
42.290001,42.369999,41.549999,41.575001
41.305,41.595001,40.794998,40.955002
41.145,41.349998,40.529999,40.674999
40.945,41.240002,40.860001,41.115002
41.150002,41.299999,40.959999,41.165001
40.785,40.830002,40.369999,40.599998
40.625,41.18,40.435001,41.165001
41.580002,42.43,41.580002,42.375
41.994999,42.23,41.799999,42.150002
42.490002,42.705002,42.049999,42.09
42.169998,42.639999,42.075001,42.595001
42.744999,42.994999,42.150002,42.200001
42.285,42.43,41.970001,42.365002
42.669998,42.860001,42.424999,42.490002
42.849998,43.084999,42.720001,42.855
42.855,43.0,42.509998,42.665001
42.445,42.610001,42.0,42.014999
42.16,42.200001,41.794998,41.919998
42.215,42.759998,42.154999,42.369999
42.435001,43.215,42.220001,43.060001
43.369999,43.555,42.279999,42.305
42.709999,42.73,42.145,42.34
41.619999,41.900002,41.049999,41.849998
41.904999,41.950001,41.09,41.18
41.259998,41.275002,40.610001,40.775002
40.994999,41.099998,40.715,40.880001
41.509998,41.674999,41.09,41.34
41.25,41.305,40.330002,40.355
39.939999,40.419998,39.849998,40.02
40.029999,40.064999,39.490002,39.955002
39.935001,40.09,39.794998,40.084999
40.0,40.325001,39.740002,40.235001
40.169998,40.645,40.110001,40.32
40.529999,40.915001,40.34,40.895
41.185001,41.830002,40.939999,41.814999
41.77,42.139999,41.465,42.125
42.060001,42.125,41.625,42.064999
41.650002,42.509998,41.490002,42.5
42.5,42.580002,41.685001,41.705002
41.955002,42.150002,41.314999,41.700001
42.049999,42.09,41.41,41.759998
41.505001,41.904999,41.205002,41.654999
41.860001,42.200001,41.615002,41.790001
41.91,42.09,41.535,41.875
41.849998,42.459999,41.84,42.305
42.384998,42.564999,41.610001,41.654999
41.799999,42.235001,41.799999,42.115002
42.154999,42.299999,41.419998,41.689999
41.994999,42.125,41.43,41.650002
41.639999,42.93,41.605,42.810001
42.985001,43.125,42.66,42.785
42.830002,42.855,42.34,42.395
42.575001,43.23,42.544998,43.189999
42.915001,43.445,42.709999,43.264999
42.845001,43.119999,42.57,42.98
42.93,43.415001,42.715,43.130001
43.169998,43.355,42.724998,42.945
43.0,43.325001,42.689999,42.860001
42.950001,43.209999,42.830002,43.07
43.380001,43.77,43.305,43.57
43.544998,43.66,43.064999,43.105
43.040001,43.705002,42.985001,43.424999
43.790001,44.02,43.465,43.560001
43.619999,44.174999,43.584999,43.93
43.869999,44.095001,43.759998,44.084999
44.095001,44.555,43.764999,44.540001
44.535,44.66,44.235001,44.470001
44.935001,45.424999,44.860001,45.18
45.360001,45.665001,45.185001,45.645
45.610001,46.110001,45.505001,45.779999
45.595001,45.73,45.215,45.57
45.564999,46.125,45.535,46.09
45.825001,46.189999,45.755001,46.025002
46.105,46.395,45.959999,46.299999
46.32,46.435001,46.084999,46.200001
46.360001,46.939999,46.349998,46.630001
46.674999,46.779999,46.18,46.27
46.169998,46.709999,46.09,46.700001
46.974998,47.290001,46.75,47.205002
47.345001,47.695,46.880001,47.555
47.759998,48.27,47.549999,48.220001
48.400002,48.615002,48.240002,48.549999
48.625,48.799999,48.330002,48.52
48.720001,49.235001,48.424999,49.040001
49.064999,49.205002,48.645,48.73
48.939999,49.07,48.389999,48.744999
48.610001,49.075001,48.400002,48.895
49.049999,49.07,48.169998,48.860001
49.169998,49.485001,47.834999,48.064999
48.294998,48.525002,47.555,47.615002
47.525002,47.744999,46.865002,47.200001
47.099998,47.57,46.73,47.064999
47.224998,47.360001,46.755001,46.919998
47.009998,47.805,46.939999,47.485001
47.235001,48.119999,46.860001,47.794998
47.575001,48.060001,47.345001,48.060001
47.759998,48.150002,47.529999,48.095001
48.040001,48.459999,47.625,48.314999
47.880001,48.060001,47.380001,47.869999
47.73,48.299999,47.700001,48.195
48.0,48.084999,46.740002,46.759998
46.695,46.845001,45.764999,46.014999
46.325001,46.595001,46.060001,46.279999
46.32,46.369999,45.674999,46.285
46.43,47.119999,46.43,46.650002
46.715,46.950001,46.59,46.605
46.334999,46.775002,46.264999,46.549999
46.599998,47.174999,46.599998,47.174999
47.275002,47.43,46.790001,46.915001
47.025002,47.200001,46.59,46.790001
46.700001,46.884998,46.509998,46.849998
46.75,47.040001,46.060001,46.955002
46.849998,47.189999,46.700001,46.825001
46.91,47.555,46.895,47.48
47.5,47.605,47.055,47.169998
47.049999,47.435001,46.904999,46.939999
46.75,46.77,45.855,46.040001
46.27,46.43,45.540001,45.619999
45.974998,46.095001,45.555,45.685001
45.845001,46.275002,45.73,46.154999
46.025002,46.064999,45.134998,45.34
45.240002,45.634998,45.224998,45.470001
45.549999,46.634998,45.505001,46.599998
46.445,46.459999,45.044998,45.380001
44.91,44.985001,44.349998,44.945
45.0,45.07,44.665001,44.939999
44.785,45.189999,44.615002,45.174999
45.09,45.52,44.775002,44.994999
45.165001,45.605,44.994999,45.334999
45.134998,45.294998,44.720001,45.244999
45.619999,45.634998,44.535,44.759998
44.639999,44.764999,44.125,44.349998
44.299999,44.349998,43.834999,44.02
43.959999,44.334999,43.799999,44.134998
44.419998,44.880001,44.209999,44.32
44.450001,45.365002,44.310001,45.134998
45.255001,45.380001,44.810001,44.875
44.764999,45.814999,44.689999,45.639999
45.599998,45.75,45.349998,45.744999
45.794998,45.794998,45.080002,45.294998
45.535,45.584999,45.145,45.400002
45.75,45.91,45.41,45.575001
45.939999,46.09,45.330002,45.599998
46.040001,46.049999,45.275002,45.564999
45.605,45.974998,45.525002,45.764999
45.674999,45.709999,44.849998,45.049999
44.724998,45.189999,44.599998,44.775002
44.330002,44.869999,44.200001,44.380001
44.330002,44.695,44.195,44.68
44.564999,45.240002,44.41,45.145
45.400002,45.465,44.924999,45.259998
45.580002,46.360001,45.404999,45.945
45.75,46.195,45.514999,46.150002
46.255001,46.91,46.244999,46.610001
46.560001,47.255001,46.395,46.695
46.619999,46.939999,46.064999,46.185001
45.939999,46.16,45.634998,45.895
45.764999,45.805,45.110001,45.165001
45.285,45.575001,44.860001,45.169998
45.200001,46.095001,44.985001,45.950001
45.830002,46.290001,45.665001,46.095001
46.099998,46.134998,45.27,45.700001
45.695,46.555,45.639999,46.41
47.040001,47.07,46.57,46.605
46.5,46.735001,45.134998,45.369999
44.849998,45.095001,43.755001,44.200001
43.25,43.59,42.735001,43.224998
43.384998,43.98,43.215,43.490002
44.02,44.470001,43.639999,43.665001
43.790001,44.665001,43.790001,44.605
44.540001,44.895,44.255001,44.705002
44.965,45.215,43.75,44.924999
44.584999,44.625,44.27,44.490002
44.575001,44.950001,44.400002,44.75
45.005001,45.43,44.965,45.285
45.005001,45.345001,44.970001,45.235001
45.310001,45.924999,45.310001,45.540001
45.439999,45.48,44.32,44.34
44.619999,44.845001,44.290001,44.415001
44.445,44.73,44.355,44.529999
44.740002,45.27,44.685001,45.195
45.695,46.0,45.264999,45.599998
45.599998,45.724998,45.095001,45.174999
44.900002,45.165001,44.685001,44.884998
45.150002,45.639999,44.724998,45.470001
45.009998,45.654999,44.904999,45.639999
44.895,44.965,44.224998,44.505001
44.549999,44.834999,43.805,43.889999
44.205002,44.240002,43.509998,43.549999
43.645,43.91,42.830002,43.005001
43.134998,43.715,43.07,43.314999
43.380001,43.435001,42.205002,42.57
42.564999,42.584999,41.509998,42.174999
42.34,42.720001,42.025002,42.555
42.77,43.115002,42.669998,42.794998
43.154999,43.555,42.959999,43.285
43.299999,43.900002,43.205002,43.869999
43.805,44.494999,43.744999,43.955002
44.700001,44.98,44.235001,44.48
44.294998,44.485001,43.889999,44.380001
44.099998,44.779999,43.950001,44.560001
45.07,45.07,44.384998,44.450001
44.334999,44.470001,43.490002,43.580002
42.715,43.290001,42.584999,42.724998
42.955002,43.66,42.93,43.595001
43.514999,43.98,43.264999,43.900002
43.505001,45.080002,43.450001,44.900002
45.529999,45.645,44.855,45.360001
45.52,46.220001,45.174999,46.16
46.549999,46.735001,46.125,46.59
46.755001,47.105,46.599998,46.755001
46.150002,46.200001,45.314999,45.535
45.195,45.93,45.105,45.810001
46.064999,46.375,45.73,46.119999
46.105,46.57,46.014999,46.404999
46.080002,46.459999,46.009998,46.384998
45.150002,45.450001,44.865002,44.889999
45.145,45.255001,44.985001,45.105
45.099998,45.470001,45.049999,45.32
45.235001,45.365002,44.849998,45.169998
45.470001,45.615002,44.955002,45.035
45.200001,45.349998,44.974998,45.139999
45.014999,45.189999,44.645,44.904999
45.0,45.134998,44.599998,44.900002
45.139999,45.259998,44.755001,44.884998
43.93,44.630001,43.889999,44.599998
44.5,44.535,43.825001,43.919998
44.075001,44.365002,43.904999,44.02
44.299999,44.630001,44.18,44.294998
44.895,45.055,43.924999,44.014999
44.314999,44.855,44.255001,44.785
45.005001,45.200001,44.805,45.084999
46.325001,47.134998,46.025002,46.779999
46.75,46.75,46.209999,46.564999
46.57,46.945,46.384998,46.875
46.884998,47.299999,46.665001,47.139999
47.275002,47.424999,46.84,46.889999
47.029999,47.450001,46.465,47.255001
47.57,47.59,47.134998,47.435001
47.389999,47.845001,47.195,47.365002
47.740002,48.09,47.529999,47.994999
47.610001,47.974998,47.465,47.689999
47.865002,48.205002,47.715,48.169998
48.389999,48.924999,48.27,48.560001
48.494999,48.959999,48.450001,48.634998
48.625,48.869999,47.560001,47.674999
47.740002,47.84,47.389999,47.610001
47.564999,47.965,47.5,47.560001
47.665001,47.845001,47.580002,47.764999
47.75,47.830002,46.834999,47.259998
47.564999,47.650002,47.049999,47.255001
47.235001,47.235001,45.84,46.115002
46.285,46.599998,46.099998,46.294998
46.200001,46.205002,45.424999,45.509998
45.889999,46.134998,45.395,45.435001
45.695,45.759998,45.060001,45.125
45.220001,45.369999,44.98,45.200001
45.119999,45.200001,44.790001,44.834999
44.945,44.959999,44.485001,44.610001
44.485001,44.485001,43.595001,43.630001
43.299999,43.384998,42.900002,43.305
43.185001,43.389999,42.025002,42.025002
42.470001,42.605,41.630001,41.66
41.654999,42.215,41.544998,42.07
41.654999,42.105,41.375,41.965
42.084999,42.400002,41.810001,42.32
42.334999,42.360001,42.025002,42.285
42.25,42.740002,42.07,42.279999
42.285,42.514999,41.924999,42.275002
42.375,42.950001,42.290001,42.830002
43.18,43.650002,43.040001,43.330002
43.584999,43.880001,43.41,43.735001
43.935001,44.285,43.424999,43.535
43.855,44.305,43.59,43.970001
43.700001,44.035,43.544998,44.014999
44.584999,45.099998,43.959999,44.195
44.395,45.389999,44.395,45.125
45.044998,45.650002,44.98,45.610001
45.889999,46.404999,45.700001,46.285
46.130001,46.665001,46.075001,46.619999
46.619999,47.145,46.455002,46.98
46.860001,47.0,46.494999,46.740002
46.595001,46.650002,45.860001,45.889999
46.240002,46.41,45.775002,46.099998
46.165001,46.355,45.599998,45.654999
45.5,45.580002,44.865002,45.18
45.314999,45.474998,44.525002,44.75
44.639999,45.080002,44.575001,44.849998
45.125,45.314999,44.799999,45.080002
44.955002,45.055,43.715,43.82
43.814999,44.275002,43.415001,44.095001
43.889999,45.115002,43.814999,45.02
45.005001,45.18,44.755001,45.115002
45.32,45.43,44.044998,44.285
44.450001,44.685001,44.220001,44.279999
44.674999,45.330002,44.674999,45.255001
45.470001,45.924999,45.18,45.619999
45.244999,45.555,44.439999,44.52
44.450001,44.955002,44.16,44.855
45.025002,45.665001,45.025002,45.035
45.25,45.950001,44.990002,45.650002
45.84,46.439999,45.814999,46.009998
45.915001,46.509998,45.720001,46.43
46.150002,46.275002,45.439999,45.465
45.544998,45.720001,45.235001,45.474998
45.465,45.674999,44.455002,44.82
44.875,44.994999,44.360001,44.564999
44.875,45.355,44.490002,44.805
44.66,45.535,44.380001,45.5
45.674999,45.935001,43.505001,43.91
43.264999,44.189999,42.715,43.485001
42.855,43.075001,42.014999,42.849998
42.645,43.244999,42.310001,42.98
43.174999,44.029999,43.174999,43.715
43.955002,44.645,43.630001,44.040001
44.220001,44.41,43.455002,43.689999
43.720001,44.294998,43.555,43.889999
43.735001,44.365002,43.325001,43.59
43.830002,44.939999,43.630001,44.880001
44.845001,45.805,44.845001,45.595001
45.849998,45.955002,45.310001,45.669998
45.73,46.619999,45.720001,46.415001
46.16,46.740002,45.965,46.584999
46.43,46.540001,45.970001,46.259998
46.110001,46.700001,46.035,46.424999
46.630001,47.02,46.474998,46.615002
47.049999,47.41,46.775002,46.889999
46.75,46.924999,46.25,46.435001
46.41,46.584999,45.985001,46.215
46.115002,47.0,46.049999,46.724998
46.75,47.044998,46.244999,47.0
46.599998,47.105,46.490002,47.064999
44.825001,45.169998,43.355,43.369999
41.825001,42.294998,39.380001,39.380001
38.105,40.790001,37.490002,39.125
40.330002,40.540001,37.610001,38.220001
37.474998,41.605,37.244999,41.18
40.110001,40.110001,37.740002,38.490002
38.669998,39.740002,37.91,39.445
40.380001,40.380001,39.189999,39.584999
39.549999,40.259998,39.505001,39.525002
39.77,40.525002,39.669998,39.849998
40.174999,41.380001,40.154999,40.75
40.105,40.205002,39.244999,39.685001
40.200001,40.994999,40.025002,40.695
41.049999,41.490002,40.369999,40.619999
41.0,41.389999,40.645,41.27
40.900002,41.23,40.740002,41.195
41.150002,41.599998,41.095001,41.485001
41.02,41.514999,40.939999,41.365002
40.700001,40.759998,39.755001,40.25
39.919998,40.93,39.919998,40.400002
40.889999,41.195,40.16,40.990002
40.474998,40.529999,40.025002,40.25
40.43,40.610001,40.035,40.259998
40.349998,40.48,39.970001,40.275002
40.645,41.360001,40.580002,40.805
41.299999,41.419998,40.880001,41.215
42.740002,42.935001,41.98,42.290001
42.5,43.224998,42.330002,42.884998
42.599998,42.790001,42.459999,42.625
42.084999,42.830002,41.98,42.805
42.900002,42.924999,42.305,42.740002
42.384998,42.43,41.875,42.185001
42.154999,42.25,41.755001,41.794998
41.544998,41.625,41.02,41.025002
40.810001,41.099998,40.360001,40.865002
40.505001,41.099998,40.490002,40.994999
41.279999,41.415001,40.974998,41.349998
41.549999,41.674999,40.720001,40.825001
40.889999,41.130001,40.630001,41.130001
40.814999,40.98,40.439999,40.764999
41.529999,41.584999,40.825001,41.299999
41.330002,42.049999,40.939999,41.790001
41.77,42.095001,40.924999,40.974998
41.279999,41.299999,40.830002,40.935001
41.305,41.830002,41.305,41.705002
41.869999,42.220001,41.540001,41.785
42.23,42.805,42.209999,42.529999
42.82,43.215,42.400002,43.145
42.945,43.310001,42.630001,43.294998
44.105,44.285,43.474998,44.049999
43.93,44.375,43.59,43.919998
44.285,44.66,44.009998,44.330002
44.490002,44.715,43.939999,44.040001
44.215,44.615002,44.084999,44.490002
44.685001,44.715,42.830002,43.014999
42.389999,42.900002,42.294998,42.455002
42.404999,42.560001,42.130001,42.27
42.365002,42.959999,42.259998,42.875
42.849998,42.849998,42.395,42.650002
42.485001,42.669998,42.279999,42.404999
42.470001,42.93,42.080002,42.73
43.09,43.535,42.615002,43.465
43.404999,43.654999,43.305,43.514999
43.25,43.48,42.650002,43.095001
43.044998,44.415001,43.035,44.255001
44.145,44.32,43.900002,44.029999
43.93,44.389999,43.615002,44.365002
44.290001,44.720001,44.154999,44.564999
44.48,44.48,43.84,44.075001
43.990002,44.18,43.384998,43.439999
43.380001,43.630001,42.91,43.064999
42.845001,43.395,42.740002,43.330002
43.674999,43.875,42.810001,42.98
43.009998,43.084999,42.450001,42.535
42.485001,42.970001,42.445,42.735001
42.91,43.43,42.799999,43.404999
43.290001,43.77,43.095001,43.715
43.759998,43.834999,43.325001,43.549999
43.84,44.119999,43.775002,44.044998
44.115002,44.490002,43.970001,44.474998
44.200001,44.224998,43.564999,43.84
43.380001,44.110001,43.380001,43.605
43.439999,43.595001,42.560001,42.794998
42.720001,43.040001,42.48,42.700001
42.689999,42.814999,42.174999,42.755001
43.025002,43.275002,42.235001,42.360001
42.610001,43.084999,42.139999,42.195
42.395,42.855,42.18,42.465
42.549999,42.735001,42.049999,42.125
42.209999,42.700001,42.084999,42.330002
42.360001,42.825001,42.209999,42.82
42.790001,42.845001,42.325001,42.779999
42.799999,43.264999,42.645,42.779999
42.555,42.724998,42.279999,42.525002
42.404999,42.790001,42.294998,42.540001
42.610001,43.07,42.57,42.895
42.82,43.285,42.705002,43.189999
43.334999,44.174999,43.264999,44.07
43.959999,44.240002,43.814999,44.185001
44.009998,44.154999,43.705002,44.115002
44.049999,44.77,44.0,44.610001
44.625,45.014999,44.330002,44.950001
44.970001,45.310001,44.91,45.195
45.075001,45.34,44.735001,45.259998
44.900002,45.275002,44.095001,44.244999
44.25,44.724998,44.060001,44.540001
44.174999,44.32,43.459999,43.68
43.825001,44.014999,43.195,43.580002
43.814999,44.41,43.764999,43.790001
43.889999,44.580002,43.790001,44.555
44.200001,44.66,44.064999,44.564999
44.75,44.950001,44.290001,44.299999
44.384998,44.5,44.075001,44.150002
44.345001,45.029999,44.334999,44.889999
44.830002,45.310001,44.634998,44.994999
45.035,45.125,44.514999,44.855
44.814999,44.849998,44.105,44.259998
43.73,44.049999,43.555,43.834999
44.009998,45.07,44.009998,44.59
44.904999,45.59,44.855,45.169998
45.165001,45.619999,45.040001,45.575001
45.650002,46.455002,45.639999,45.994999
45.674999,45.740002,44.915001,45.150002
44.755001,44.849998,44.32,44.669998
44.450001,44.82,44.400002,44.669998
44.57,44.965,44.174999,44.220001
44.445,44.715,44.389999,44.455002
44.735001,44.93,44.494999,44.674999
44.634998,44.779999,43.955002,44.744999
44.744999,44.744999,44.150002,44.485001
44.580002,44.959999,43.834999,43.880001
43.555,43.775002,42.595001,42.610001
42.935001,43.244999,42.794998,43.189999
42.575001,43.43,42.52,43.185001
43.459999,43.705002,42.84,43.16
43.235001,43.365002,42.349998,42.639999
42.82,43.080002,42.645,42.990002
43.064999,43.544998,43.064999,43.445
43.564999,43.665001,43.125,43.345001
43.634998,44.09,43.27,43.900002
44.685001,44.779999,44.215,44.485001
44.685001,44.700001,44.005001,44.035
44.174999,44.32,43.945,44.139999
43.974998,44.115002,43.654999,43.68
43.73,44.23,43.639999,44.005001
43.990002,44.310001,43.685001,43.744999
43.849998,44.314999,43.66,44.064999
44.075001,44.189999,43.564999,44.07
43.529999,43.715,43.185001,43.595001
43.599998,44.195,43.544998,43.709999
43.775002,44.549999,43.775002,44.134998
44.290001,44.875,44.169998,44.77
44.884998,45.279999,44.305,45.174999
45.445,46.084999,45.41,45.764999
45.455002,45.665001,45.060001,45.125
45.27,45.650002,45.040001,45.240002
45.48,46.110001,44.91,46.009998
45.955002,45.970001,44.990002,45.169998
44.974998,45.650002,44.849998,45.529999
44.724998,45.084999,44.41,44.939999
45.169998,45.785,44.395,44.43
44.505001,44.904999,44.035,44.709999
44.66,44.724998,43.895,44.584999
44.235001,44.48,43.939999,44.305
44.294998,44.959999,44.255001,44.639999
44.665001,45.419998,44.599998,45.224998
45.290001,45.91,45.255001,45.66
45.59,45.59,44.845001,45.07
45.375,45.994999,45.310001,45.915001
45.889999,46.185001,45.755001,46.110001
46.029999,46.66,45.91,45.919998
45.66,45.919998,45.27,45.419998
45.5,46.080002,45.459999,45.700001
45.84,46.27,45.630001,46.18
45.900002,46.25,45.84,45.959999
46.049999,46.240002,45.389999,45.509998
45.610001,45.610001,44.82,45.189999
44.830002,44.849998,43.77,43.810001
44.130001,44.880001,44.060001,44.779999
44.650002,44.709999,43.98,44.130001
44.25,44.529999,44.029999,44.130001
44.139999,44.490002,44.09,44.209999
44.369999,44.549999,44.220001,44.5
44.419998,44.560001,44.310001,44.369999
44.32,44.439999,43.990002,44.200001
44.509998,44.740002,44.290001,44.619999
44.799999,45.09,44.799999,44.959999
44.93,45.02,44.57,44.709999
44.720001,45.779999,44.490002,45.650002
47.16,47.32,45.75,46.889999
47.0,47.060001,45.529999,45.639999
45.82,45.82,45.080002,45.130001
45.32,46.849998,45.220001,46.549999
46.75,46.880001,46.509998,46.669998
46.75,46.810001,46.099998,46.34
46.73,47.389999,46.68,47.0
47.25,48.650002,47.18,48.060001
47.630001,48.07,47.27,47.610001
47.560001,47.810001,47.490002,47.689999
48.09,48.310001,47.5,47.599998
48.290001,49.049999,48.290001,48.75
48.619999,49.0,48.419998,48.91
49.52,49.889999,49.09,49.189999
49.869999,49.889999,48.950001,49.220001
49.389999,49.82,49.16,49.669998
49.970001,50.139999,49.560001,50.049999
51.150002,51.73,50.48,50.509998
50.360001,51.09,49.880001,51.049999
50.099998,50.509998,49.77,50.049999
50.240002,51.779999,50.02,51.669998
51.82,52.959999,51.82,52.830002
52.259998,52.490002,51.439999,52.209999
52.5,53.419998,52.360001,53.25
53.209999,53.720001,52.98,53.639999
53.77,53.790001,53.240002,53.580002
54.279999,55.110001,54.25,54.98
54.939999,55.240002,53.759998,53.98
53.939999,54.580002,53.810001,54.349998
54.560001,54.91,53.18,53.75
54.529999,54.860001,54.220001,54.779999
55.459999,55.880001,54.93,55.18
55.0,55.290001,54.509998,54.880001
55.040001,55.93,54.869999,55.150002
55.110001,55.220001,54.400002,55.099998
55.299999,55.369999,54.189999,54.869999
54.369999,55.669998,54.119999,55.049999
55.639999,56.150002,54.93,55.919998
57.77,57.880001,56.27,57.040001
57.389999,57.720001,56.049999,56.52
56.060001,56.43,55.330002,56.189999
56.529999,57.060001,56.080002,56.48
57.150002,57.34,56.169998,56.57
56.84,57.150002,55.939999,56.32
56.060001,56.459999,55.369999,55.599998
55.630001,57.040001,55.540001,56.98
57.130001,58.220001,57.060001,57.509998
57.5,57.93,57.099998,57.700001
57.759998,58.099998,57.27,57.900002
58.23,59.049999,57.98,58.509998
58.740002,58.970001,58.43,58.43
58.869999,59.720001,58.52,59.360001
59.560001,60.32,59.279999,59.310001
57.889999,59.84,57.66,59.630001
59.799999,61.470001,59.77,60.84
60.32,61.0,60.259998,60.57
60.669998,61.860001,60.59,61.52
61.529999,62.790001,61.259998,62.560001
63.130001,63.459999,61.779999,61.959999
62.040001,62.830002,60.040001,61.259998
59.720001,60.619999,58.360001,58.970001
60.529999,61.009998,58.98,59.25
59.110001,59.689999,58.889999,59.68
59.810001,60.77,59.790001,60.16
56.68,58.189999,56.18,58.049999
58.200001,59.02,57.110001,57.330002
57.169998,57.48,56.400002,56.939999
57.619999,57.720001,56.650002,57.110001
56.5,56.5,55.41,55.950001
55.599998,56.209999,55.27,55.759998
55.84,56.880001,55.77,56.580002
54.41,55.16,53.41,55.02
55.099998,55.720001,54.799999,55.07
55.32,55.959999,54.919998,55.869999
56.360001,56.779999,56.130001,56.540001
56.889999,57.189999,56.470001,56.98
56.77,56.919998,56.169998,56.869999
57.099998,57.68,56.630001,56.77
57.720001,58.049999,57.380001,57.709999
58.279999,59.110001,58.060001,59.029999
58.200001,59.84,57.939999,59.650002
59.060001,59.599998,58.259998,58.849998
58.73,59.630001,58.220001,59.389999
59.23,59.759998,58.889999,59.450001
57.290001,57.889999,56.66,57.0
55.869999,56.150002,55.130001,55.950001
55.849998,56.23,55.459999,55.700001
56.259998,57.220001,56.240002,57.169998
57.73,57.84,57.139999,57.57
57.470001,57.709999,56.959999,57.630001
57.650002,58.18,57.509998,58.07
58.700001,59.470001,58.48,59.439999
59.130001,60.700001,58.720001,60.580002
60.810001,61.490002,60.299999,61.290001
60.810001,61.700001,59.68,59.799999
60.48,60.59,58.720001,59.130001
58.990002,59.610001,58.830002,59.490002
58.869999,59.57,57.84,57.849998
57.009998,57.5,56.48,56.990002
57.549999,57.68,56.68,56.950001
56.68,56.790001,55.990002,56.290001
57.029999,57.810001,56.849998,57.299999
57.189999,58.169998,57.080002,57.959999
58.240002,59.380001,58.009998,58.709999
58.5,59.025002,58.169998,58.75
